timestamp,active_UEs,duration
2025-02-21 12:10:45,1,0 days 00:10:00
2025-02-21 12:20:45,4,0 days 00:50:00
2025-02-21 13:10:45,2,0 days 00:10:00
2025-02-21 13:20:45,3,0 days 00:30:00
2025-02-21 13:50:45,4,0 days 00:20:00
2025-02-21 14:10:45,3,0 days 00:30:00
2025-02-21 14:40:45,2,0 days 00:10:00
2025-02-21 14:50:45,1,0 days 00:10:00
2025-02-21 15:00:45,3,0 days 01:00:00
2025-02-21 16:00:45,4,0 days 00:10:00
2025-02-21 16:10:45,3,0 days 00:40:00
2025-02-21 16:50:45,4,0 days 00:40:00
2025-02-21 17:30:45,3,0 days 00:20:00
2025-02-21 17:50:45,4,0 days 00:30:00
2025-02-21 18:20:45,3,0 days 00:30:00
2025-02-21 18:50:45,2,0 days 00:20:00
2025-02-21 19:10:45,3,0 days 00:40:00
2025-02-21 19:50:45,4,0 days 00:20:00
2025-02-21 20:10:45,3,0 days 00:40:00
2025-02-21 20:50:45,4,0 days 00:30:00
2025-02-21 21:20:45,3,0 days 00:40:00
2025-02-21 22:00:45,2,0 days 00:10:00
2025-02-21 22:10:45,3,0 days 00:20:00
2025-02-21 22:30:45,4,0 days 00:40:00
2025-02-21 23:10:45,3,0 days 00:30:00
2025-02-21 23:40:45,4,0 days 00:50:00
2025-02-22 00:30:45,3,0 days 00:10:00
2025-02-22 00:40:45,2,0 days 00:10:00
2025-02-22 00:50:45,3,0 days 00:30:00
2025-02-22 01:20:45,4,0 days 00:30:00
2025-02-22 01:50:45,3,0 days 00:40:00
2025-02-22 02:30:45,2,0 days 00:30:00
2025-02-22 03:00:45,3,0 days 01:20:00
2025-02-22 04:20:45,4,0 days 01:10:00
2025-02-22 05:30:45,3,0 days 00:10:00
2025-02-22 05:40:45,2,0 days 00:20:00
2025-02-22 06:00:45,3,0 days 00:40:00
2025-02-22 06:40:45,2,0 days 00:10:00
2025-02-22 06:50:45,3,0 days 00:10:00
2025-02-22 07:00:45,4,0 days 01:20:00
2025-02-22 08:20:45,3,0 days 00:10:00
2025-02-22 08:30:45,2,0 days 00:10:00
2025-02-22 08:40:45,4,0 days 00:50:00
2025-02-22 09:30:45,3,0 days 00:30:00
2025-02-22 10:00:45,2,0 days 00:20:00
2025-02-22 10:20:45,3,0 days 00:40:00
2025-02-22 11:00:45,4,0 days 00:10:00
2025-02-22 11:10:45,3,0 days 00:40:00
2025-02-22 11:50:45,2,0 days 00:30:00
2025-02-22 12:20:45,3,0 days 00:20:00
2025-02-22 12:40:45,4,0 days 01:20:00
2025-02-22 14:00:45,3,0 days 00:10:00
2025-02-22 14:10:45,2,0 days 00:10:00
2025-02-22 14:20:45,3,0 days 00:30:00
2025-02-22 14:50:45,2,0 days 00:10:00
2025-02-22 15:00:45,3,0 days 00:40:00
2025-02-22 15:40:45,4,0 days 01:00:00
2025-02-22 16:40:45,3,0 days 00:30:00
2025-02-22 17:10:45,2,0 days 00:10:00
2025-02-22 17:20:45,1,0 days 00:10:00
2025-02-22 17:30:45,2,0 days 00:30:00
2025-02-22 18:00:45,3,0 days 00:10:00
2025-02-22 18:10:45,4,0 days 00:30:00
2025-02-22 18:40:45,3,0 days 00:20:00
2025-02-22 19:00:45,2,0 days 00:20:00
2025-02-22 19:20:45,3,0 days 00:40:00
2025-02-22 20:00:45,4,0 days 00:20:00
2025-02-22 20:20:45,3,0 days 00:20:00
2025-02-22 20:40:45,2,0 days 00:30:00
2025-02-22 21:10:45,3,0 days 00:10:00
2025-02-22 21:20:45,4,0 days 00:20:00
2025-02-22 21:40:45,3,0 days 00:40:00
2025-02-22 22:20:45,4,0 days 00:40:00
2025-02-22 23:00:45,3,0 days 00:10:00
2025-02-22 23:10:45,2,0 days 00:30:00
2025-02-22 23:40:45,3,0 days 00:10:00
2025-02-22 23:50:45,4,0 days 00:30:00
2025-02-23 00:20:45,3,0 days 00:40:00
2025-02-23 01:00:45,2,0 days 00:10:00
2025-02-23 01:10:45,3,0 days 00:30:00
2025-02-23 01:40:45,4,0 days 00:20:00
2025-02-23 02:00:45,3,0 days 00:50:00
2025-02-23 02:50:45,4,0 days 00:20:00
2025-02-23 03:10:45,3,0 days 01:00:00
2025-02-23 04:10:45,4,0 days 00:30:00
2025-02-23 04:40:45,3,0 days 00:10:00
2025-02-23 04:50:45,2,0 days 00:10:00
2025-02-23 05:00:45,4,0 days 00:40:00
2025-02-23 05:40:45,3,0 days 00:20:00
2025-02-23 06:00:45,4,0 days 00:20:00
2025-02-23 06:20:45,3,0 days 00:20:00
2025-02-23 06:40:45,2,0 days 00:20:00
2025-02-23 07:00:45,3,0 days 00:20:00
2025-02-23 07:20:45,4,0 days 00:20:00
2025-02-23 07:40:45,3,0 days 00:20:00
2025-02-23 08:00:45,4,0 days 00:10:00
2025-02-23 08:10:45,3,0 days 00:10:00
2025-02-23 08:20:45,4,0 days 00:20:00
2025-02-23 08:40:45,3,0 days 00:30:00
2025-02-23 09:10:45,2,0 days 00:10:00
2025-02-23 09:20:45,3,0 days 00:10:00
2025-02-23 09:30:45,2,0 days 00:50:00
2025-02-23 10:20:45,4,0 days 00:10:00
2025-02-23 10:30:45,3,0 days 00:30:00
2025-02-23 11:00:45,4,0 days 01:00:00
2025-02-23 12:00:45,3,0 days 00:10:00
2025-02-23 12:10:45,2,0 days 00:30:00
2025-02-23 12:40:45,3,0 days 00:10:00
2025-02-23 12:50:45,2,0 days 00:10:00
2025-02-23 13:00:45,3,0 days 00:10:00
2025-02-23 13:10:45,4,0 days 01:10:00
2025-02-23 14:20:45,3,0 days 00:20:00
2025-02-23 14:40:45,2,0 days 00:20:00
2025-02-23 15:00:45,3,0 days 00:10:00
2025-02-23 15:10:45,2,0 days 00:20:00
2025-02-23 15:30:45,3,0 days 00:10:00
2025-02-23 15:40:45,4,0 days 00:30:00
2025-02-23 16:10:45,3,0 days 01:00:00
2025-02-23 17:10:45,4,0 days 00:40:00
2025-02-23 17:50:45,3,0 days 00:30:00
2025-02-23 18:20:45,2,0 days 00:30:00
2025-02-23 18:50:45,3,0 days 00:30:00
2025-02-23 19:20:45,4,0 days 00:10:00
2025-02-23 19:30:45,3,0 days 00:20:00
2025-02-23 19:50:45,4,0 days 00:10:00
2025-02-23 20:00:45,3,0 days 00:20:00
2025-02-23 20:20:45,4,0 days 00:20:00
2025-02-23 20:40:45,3,0 days 01:50:00
2025-02-23 22:30:45,2,0 days 00:20:00
2025-02-23 22:50:45,3,0 days 00:10:00
2025-02-23 23:00:45,4,0 days 00:30:00
2025-02-23 23:30:45,3,0 days 00:40:00
2025-02-24 00:10:45,4,0 days 00:30:00
2025-02-24 00:40:45,3,0 days 00:10:00
2025-02-24 00:50:45,2,0 days 00:10:00
2025-02-24 01:00:45,4,0 days 00:40:00
2025-02-24 01:40:45,3,0 days 00:20:00
2025-02-24 02:00:45,4,0 days 00:10:00
2025-02-24 02:10:45,3,0 days 00:40:00
2025-02-24 02:50:45,2,0 days 00:20:00
2025-02-24 03:10:45,3,0 days 00:10:00
2025-02-24 03:20:45,2,0 days 00:20:00
2025-02-24 03:40:45,4,0 days 00:50:00
2025-02-24 04:30:45,3,0 days 00:20:00
2025-02-24 04:50:45,4,0 days 00:20:00
2025-02-24 05:10:45,3,0 days 00:10:00
2025-02-24 05:20:45,4,0 days 00:30:00
2025-02-24 05:50:45,2,0 days 00:10:00
2025-02-24 06:00:45,3,0 days 00:40:00
2025-02-24 06:40:45,2,0 days 00:10:00
2025-02-24 06:50:45,3,0 days 00:20:00
2025-02-24 07:10:45,2,0 days 00:10:00
2025-02-24 07:20:45,3,0 days 00:20:00
2025-02-24 07:40:45,4,0 days 01:30:00
2025-02-24 09:10:45,3,0 days 00:30:00
2025-02-24 09:40:45,2,0 days 00:50:00
2025-02-24 10:30:45,3,0 days 00:50:00
2025-02-24 11:20:45,2,0 days 00:30:00
2025-02-24 11:50:45,3,0 days 00:20:00
2025-02-24 12:10:45,4,0 days 01:00:00
2025-02-24 13:10:45,1,0 days 00:30:00
2025-02-24 13:40:45,3,0 days 00:30:00
2025-02-24 14:10:45,4,0 days 00:30:00
2025-02-24 14:40:45,3,0 days 00:40:00
2025-02-24 15:20:45,4,0 days 00:20:00
2025-02-24 15:40:45,3,0 days 00:30:00
2025-02-24 16:10:45,2,0 days 00:20:00
2025-02-24 16:30:45,3,0 days 00:20:00
2025-02-24 16:50:45,2,0 days 00:10:00
2025-02-24 17:00:45,3,0 days 00:20:00
2025-02-24 17:20:45,4,0 days 00:30:00
2025-02-24 17:50:45,3,0 days 00:40:00
2025-02-24 18:30:45,4,0 days 00:10:00
2025-02-24 18:40:45,3,0 days 01:50:00
2025-02-24 20:30:45,2,0 days 00:20:00
2025-02-24 20:50:45,4,0 days 01:30:00
2025-02-24 22:20:45,3,0 days 00:30:00
2025-02-24 22:50:45,2,0 days 00:10:00
2025-02-24 23:00:45,3,0 days 00:20:00
2025-02-24 23:20:45,2,0 days 00:30:00
2025-02-24 23:50:45,3,0 days 00:20:00
2025-02-25 00:10:45,4,0 days 00:20:00
2025-02-25 00:30:45,3,0 days 00:20:00
2025-02-25 00:50:45,4,0 days 00:30:00
2025-02-25 01:20:45,3,0 days 00:10:00
2025-02-25 01:30:45,2,0 days 00:30:00
2025-02-25 02:00:45,3,0 days 00:30:00
2025-02-25 02:30:45,4,0 days 01:00:00
2025-02-25 03:30:45,3,0 days 00:10:00
2025-02-25 03:40:45,2,0 days 00:10:00
2025-02-25 03:50:45,1,0 days 00:20:00
2025-02-25 04:10:45,2,0 days 00:10:00
2025-02-25 04:20:45,3,0 days 00:20:00
2025-02-25 04:40:45,4,0 days 00:40:00
2025-02-25 05:20:45,3,0 days 00:10:00
2025-02-25 05:30:45,2,0 days 00:30:00
2025-02-25 06:00:45,3,0 days 00:30:00
2025-02-25 06:30:45,4,0 days 00:40:00
2025-02-25 07:10:45,3,0 days 00:10:00
2025-02-25 07:20:45,4,0 days 00:10:00
2025-02-25 07:30:45,3,0 days 01:20:00
2025-02-25 08:50:45,4,0 days 02:10:00
2025-02-25 11:00:45,3,0 days 00:10:00
2025-02-25 11:10:45,4,0 days 01:20:00
2025-02-25 12:30:45,3,0 days 00:30:00
2025-02-25 13:00:45,2,0 days 00:40:00
2025-02-25 13:40:45,3,0 days 00:50:00
2025-02-25 14:30:45,4,0 days 01:50:00
2025-02-25 16:20:45,3,0 days 01:00:00
2025-02-25 17:20:45,4,0 days 00:50:00
2025-02-25 18:10:45,3,0 days 00:50:00
2025-02-25 19:00:45,2,0 days 00:30:00
2025-02-25 19:30:45,3,0 days 00:10:00
2025-02-25 19:40:45,4,0 days 00:30:00
2025-02-25 20:10:45,3,0 days 00:20:00
2025-02-25 20:30:45,2,0 days 00:20:00
2025-02-25 20:50:45,4,0 days 00:20:00
2025-02-25 21:10:45,3,0 days 00:30:00
2025-02-25 21:40:45,4,0 days 00:40:00
2025-02-25 22:20:45,3,0 days 00:40:00
2025-02-25 23:00:45,4,0 days 00:30:00
2025-02-25 23:30:45,3,0 days 00:30:00
2025-02-26 00:00:45,4,0 days 00:20:00
2025-02-26 00:20:45,3,0 days 00:30:00
2025-02-26 00:50:45,4,0 days 00:30:00
2025-02-26 01:20:45,3,0 days 00:50:00
2025-02-26 02:10:45,2,0 days 00:20:00
2025-02-26 02:30:45,3,0 days 00:10:00
2025-02-26 02:40:45,2,0 days 00:10:00
2025-02-26 02:50:45,4,0 days 01:10:00
2025-02-26 04:00:45,3,0 days 00:40:00
2025-02-26 04:40:45,2,0 days 00:20:00
2025-02-26 05:00:45,3,0 days 00:30:00
2025-02-26 05:30:45,4,0 days 00:30:00
2025-02-26 06:00:45,3,0 days 00:20:00
2025-02-26 06:20:45,2,0 days 00:10:00
2025-02-26 06:30:45,3,0 days 00:40:00
2025-02-26 07:10:45,4,0 days 00:50:00
2025-02-26 08:00:45,3,0 days 00:20:00
2025-02-26 08:20:45,2,0 days 00:10:00
2025-02-26 08:30:45,1,0 days 00:20:00
2025-02-26 08:50:45,2,0 days 00:30:00
2025-02-26 09:20:45,3,0 days 00:20:00
2025-02-26 09:40:45,4,0 days 00:30:00
2025-02-26 10:10:45,3,0 days 00:20:00
2025-02-26 10:30:45,2,0 days 00:10:00
2025-02-26 10:40:45,3,0 days 00:10:00
2025-02-26 10:50:45,4,0 days 00:10:00
2025-02-26 11:00:45,3,0 days 00:20:00
2025-02-26 11:20:45,4,0 days 01:20:00
2025-02-26 12:40:45,3,0 days 00:10:00
2025-02-26 12:50:45,2,0 days 00:10:00
2025-02-26 13:00:45,3,0 days 01:30:00
2025-02-26 14:30:45,4,0 days 00:20:00
2025-02-26 14:50:45,3,0 days 00:30:00
2025-02-26 15:20:45,2,0 days 00:10:00
2025-02-26 15:30:45,1,0 days 00:10:00
2025-02-26 15:40:45,2,0 days 00:10:00
2025-02-26 15:50:45,3,0 days 00:10:00
2025-02-26 16:00:45,4,0 days 01:10:00
2025-02-26 17:10:45,3,0 days 00:30:00
2025-02-26 17:40:45,2,0 days 00:10:00
2025-02-26 17:50:45,3,0 days 00:20:00
2025-02-26 18:10:45,4,0 days 00:10:00
2025-02-26 18:20:45,3,0 days 00:20:00
2025-02-26 18:40:45,4,0 days 00:30:00
2025-02-26 19:10:45,3,0 days 00:20:00
2025-02-26 19:30:45,2,0 days 00:10:00
2025-02-26 19:40:45,3,0 days 00:20:00
2025-02-26 20:00:45,4,0 days 01:00:00
2025-02-26 21:00:45,3,0 days 00:20:00
2025-02-26 21:20:45,2,0 days 00:20:00
2025-02-26 21:40:45,3,0 days 00:20:00
2025-02-26 22:00:45,4,0 days 00:20:00
2025-02-26 22:20:45,3,0 days 00:10:00
2025-02-26 22:30:45,1,0 days 00:10:00
2025-02-26 22:40:45,2,0 days 00:20:00
2025-02-26 23:00:45,4,0 days 00:40:00
2025-02-26 23:40:45,3,0 days 00:20:00
2025-02-27 00:00:45,2,0 days 00:10:00
2025-02-27 00:10:45,3,0 days 01:10:00
2025-02-27 01:20:45,2,0 days 00:50:00
2025-02-27 02:10:45,3,0 days 00:10:00
2025-02-27 02:20:45,4,0 days 00:30:00
2025-02-27 02:50:45,2,0 days 00:10:00
2025-02-27 03:00:45,3,0 days 00:10:00
2025-02-27 03:10:45,4,0 days 00:20:00
2025-02-27 03:30:45,3,0 days 00:30:00
2025-02-27 04:00:45,4,0 days 00:20:00
2025-02-27 04:20:45,3,0 days 00:40:00
2025-02-27 05:00:45,2,0 days 00:10:00
2025-02-27 05:10:45,4,0 days 00:20:00
2025-02-27 05:30:45,3,0 days 00:50:00
2025-02-27 06:20:45,2,0 days 00:10:00
2025-02-27 06:30:45,3,0 days 00:40:00
2025-02-27 07:10:45,4,0 days 00:50:00
2025-02-27 08:00:45,3,0 days 00:50:00
2025-02-27 08:50:45,2,0 days 00:40:00
2025-02-27 09:30:45,1,0 days 00:10:00
2025-02-27 09:40:45,2,0 days 00:10:00
2025-02-27 09:50:45,3,0 days 00:30:00
2025-02-27 10:20:45,4,0 days 00:40:00
2025-02-27 11:00:45,3,0 days 00:20:00
2025-02-27 11:20:45,2,0 days 00:10:00
2025-02-27 11:30:45,1,0 days 00:20:00
2025-02-27 11:50:45,3,0 days 00:20:00
2025-02-27 12:10:45,4,0 days 01:00:00
2025-02-27 13:10:45,3,0 days 00:10:00
2025-02-27 13:20:45,4,0 days 00:10:00
2025-02-27 13:30:45,3,0 days 00:30:00
2025-02-27 14:00:45,4,0 days 01:40:00
2025-02-27 15:40:45,2,0 days 00:20:00
2025-02-27 16:00:45,3,0 days 00:20:00
2025-02-27 16:20:45,4,0 days 00:10:00
2025-02-27 16:30:45,3,0 days 00:20:00
2025-02-27 16:50:45,2,0 days 00:20:00
2025-02-27 17:10:45,4,0 days 16:00:00
2025-02-28 09:10:45,3,0 days 00:40:00
2025-02-28 09:50:45,4,0 days 00:50:00
2025-02-28 10:40:45,2,0 days 00:10:00
2025-02-28 10:50:45,1,0 days 00:10:00
2025-02-28 11:00:45,2,0 days 00:30:00
2025-02-28 11:30:45,3,0 days 00:20:00
2025-02-28 11:50:45,4,0 days 00:30:00
2025-02-28 12:20:45,3,0 days 01:00:00
2025-02-28 13:20:45,4,0 days 00:10:00
2025-02-28 13:30:45,3,0 days 00:40:00
2025-02-28 14:10:45,2,0 days 00:10:00
2025-02-28 14:20:45,3,0 days 00:20:00
2025-02-28 14:40:45,4,0 days 00:20:00
2025-02-28 15:00:45,3,0 days 00:20:00
2025-02-28 15:20:45,2,0 days 00:20:00
2025-02-28 15:40:45,3,0 days 00:30:00
2025-02-28 16:10:45,4,0 days 00:10:00
2025-02-28 16:20:45,3,0 days 00:10:00
2025-02-28 16:30:45,4,0 days 00:10:00
2025-02-28 16:40:45,3,0 days 00:30:00
2025-02-28 17:10:45,4,0 days 00:30:00
2025-02-28 17:40:45,2,0 days 00:30:00
2025-02-28 18:10:45,3,0 days 00:10:00
2025-02-28 18:20:45,2,0 days 00:20:00
2025-02-28 18:40:45,3,0 days 00:30:00
2025-02-28 19:10:45,4,0 days 00:10:00
2025-02-28 19:20:45,3,0 days 01:00:00
2025-02-28 20:20:45,4,0 days 00:10:00
2025-02-28 20:30:45,3,0 days 00:20:00
2025-02-28 20:50:45,2,0 days 00:20:00
2025-02-28 21:10:45,3,0 days 00:20:00
2025-02-28 21:30:45,4,0 days 00:50:00
2025-02-28 22:20:45,3,0 days 00:10:00
2025-02-28 22:30:45,2,0 days 00:20:00
2025-02-28 22:50:45,3,0 days 00:10:00
2025-02-28 23:00:45,4,0 days 01:20:00
2025-03-01 00:20:45,3,0 days 00:10:00
2025-03-01 00:30:45,2,0 days 00:20:00
2025-03-01 00:50:45,3,0 days 00:30:00
2025-03-01 01:20:45,4,0 days 00:20:00
2025-03-01 01:40:45,3,0 days 00:30:00
2025-03-01 02:10:45,4,0 days 00:50:00
2025-03-01 03:00:45,3,0 days 00:20:00
2025-03-01 03:20:45,2,0 days 00:40:00
2025-03-01 04:00:45,1,0 days 00:10:00
2025-03-01 04:10:45,2,0 days 00:10:00
2025-03-01 04:20:45,3,0 days 00:10:00
2025-03-01 04:30:45,4,0 days 00:20:00
2025-03-01 04:50:45,3,0 days 00:50:00
2025-03-01 05:40:45,2,0 days 00:10:00
2025-03-01 05:50:45,3,0 days 00:40:00
2025-03-01 06:30:45,4,0 days 00:10:00
2025-03-01 06:40:45,3,0 days 00:10:00
2025-03-01 06:50:45,4,0 days 00:10:00
2025-03-01 07:00:45,3,0 days 01:00:00
2025-03-01 08:00:45,4,0 days 00:10:00
2025-03-01 08:10:45,3,0 days 00:10:00
2025-03-01 08:20:45,4,0 days 01:00:00
2025-03-01 09:20:45,3,0 days 00:30:00
2025-03-01 09:50:45,2,0 days 00:10:00
2025-03-01 10:00:45,3,0 days 00:50:00
2025-03-01 10:50:45,4,0 days 00:30:00
2025-03-01 11:20:45,3,0 days 00:30:00
2025-03-01 11:50:45,4,0 days 00:20:00
2025-03-01 12:10:45,3,0 days 00:50:00
2025-03-01 13:00:45,4,0 days 00:10:00
2025-03-01 13:10:45,3,0 days 00:10:00
2025-03-01 13:20:45,4,0 days 00:20:00
2025-03-01 13:40:45,3,0 days 00:30:00
2025-03-01 14:10:45,2,0 days 00:30:00
2025-03-01 14:40:45,3,0 days 00:10:00
2025-03-01 14:50:45,4,0 days 00:10:00
2025-03-01 15:00:45,3,0 days 00:20:00
2025-03-01 15:20:45,4,0 days 01:30:00
2025-03-01 16:50:45,3,0 days 00:10:00
2025-03-01 17:00:45,2,0 days 00:20:00
2025-03-01 17:20:45,3,0 days 00:40:00
2025-03-01 18:00:45,4,0 days 00:40:00
2025-03-01 18:40:45,3,0 days 00:40:00
2025-03-01 19:20:45,4,0 days 00:30:00
2025-03-01 19:50:45,1,0 days 00:20:00
2025-03-01 20:10:45,3,0 days 00:40:00
2025-03-01 20:50:45,4,0 days 00:30:00
2025-03-01 21:20:45,3,0 days 00:20:00
2025-03-01 21:40:45,2,0 days 00:10:00
2025-03-01 21:50:45,3,0 days 00:20:00
2025-03-01 22:10:45,4,0 days 00:30:00
2025-03-01 22:40:45,3,0 days 00:30:00
2025-03-01 23:10:45,4,0 days 01:10:00
2025-03-02 00:20:45,3,0 days 00:10:00
2025-03-02 00:30:45,2,0 days 00:10:00
2025-03-02 00:40:45,3,0 days 01:00:00
2025-03-02 01:40:45,2,0 days 00:10:00
2025-03-02 01:50:45,3,0 days 00:20:00
2025-03-02 02:10:45,2,0 days 00:20:00
2025-03-02 02:30:45,3,0 days 00:50:00
2025-03-02 03:20:45,4,0 days 01:50:00
2025-03-02 05:10:45,3,0 days 00:10:00
2025-03-02 05:20:45,2,0 days 00:20:00
2025-03-02 05:40:45,3,0 days 00:40:00
2025-03-02 06:20:45,4,0 days 00:20:00
2025-03-02 06:40:45,3,0 days 00:10:00
2025-03-02 06:50:45,4,0 days 01:20:00
2025-03-02 08:10:45,3,0 days 00:10:00
2025-03-02 08:20:45,2,0 days 00:20:00
2025-03-02 08:40:45,3,0 days 00:30:00
2025-03-02 09:10:45,4,0 days 00:10:00
2025-03-02 09:20:45,2,0 days 00:50:00
2025-03-02 10:10:45,3,0 days 00:10:00
2025-03-02 10:20:45,4,0 days 00:30:00
2025-03-02 10:50:45,2,0 days 00:10:00
2025-03-02 11:00:45,3,0 days 00:30:00
2025-03-02 11:30:45,4,0 days 00:30:00
2025-03-02 12:00:45,3,0 days 00:20:00
2025-03-02 12:20:45,4,0 days 00:10:00
2025-03-02 12:30:45,2,0 days 00:10:00
2025-03-02 12:40:45,3,0 days 00:10:00
2025-03-02 12:50:45,4,0 days 00:40:00
2025-03-02 13:30:45,3,0 days 00:50:00
2025-03-02 14:20:45,4,0 days 00:30:00
2025-03-02 14:50:45,3,0 days 00:20:00
2025-03-02 15:10:45,2,0 days 00:30:00
2025-03-02 15:40:45,4,0 days 00:20:00
2025-03-02 16:00:45,3,0 days 00:30:00
2025-03-02 16:30:45,2,0 days 00:10:00
2025-03-02 16:40:45,3,0 days 00:20:00
2025-03-02 17:00:45,4,0 days 00:40:00
2025-03-02 17:40:45,2,0 days 00:30:00
2025-03-02 18:10:45,3,0 days 00:10:00
2025-03-02 18:20:45,4,0 days 00:50:00
2025-03-02 19:10:45,3,0 days 00:10:00
2025-03-02 19:20:45,4,0 days 00:50:00
2025-03-02 20:10:45,3,0 days 00:30:00
2025-03-02 20:40:45,2,0 days 00:10:00
2025-03-02 20:50:45,3,0 days 00:20:00
2025-03-02 21:10:45,2,0 days 00:10:00
2025-03-02 21:20:45,3,0 days 00:40:00
2025-03-02 22:00:45,4,0 days 00:50:00
2025-03-02 22:50:45,3,0 days 00:10:00
2025-03-02 23:00:45,2,0 days 00:20:00
2025-03-02 23:20:45,3,0 days 00:10:00
2025-03-02 23:30:45,2,0 days 00:10:00
2025-03-02 23:40:45,3,0 days 01:50:00
2025-03-03 01:30:45,4,0 days 00:20:00
2025-03-03 01:50:45,2,0 days 00:30:00
2025-03-03 02:20:45,3,0 days 00:10:00
2025-03-03 02:30:45,4,0 days 01:00:00
2025-03-03 03:30:45,3,0 days 01:00:00
2025-03-03 04:30:45,2,0 days 00:10:00
2025-03-03 04:40:45,3,0 days 00:30:00
2025-03-03 05:10:45,4,0 days 00:50:00
2025-03-03 06:00:45,3,0 days 01:10:00
2025-03-03 07:10:45,2,0 days 00:20:00
2025-03-03 07:30:45,3,0 days 00:20:00
2025-03-03 07:50:45,2,0 days 00:10:00
2025-03-03 08:00:45,4,0 days 01:40:00
2025-03-03 09:40:45,3,0 days 00:30:00
2025-03-03 10:10:45,4,0 days 00:30:00
2025-03-03 10:40:45,2,0 days 00:50:00
2025-03-03 11:30:45,3,0 days 00:10:00
2025-03-03 11:40:45,4,0 days 01:10:00
2025-03-03 12:50:45,3,0 days 00:30:00
2025-03-03 13:20:45,2,0 days 00:10:00
2025-03-03 13:30:45,1,0 days 00:30:00
2025-03-03 14:00:45,3,0 days 00:30:00
2025-03-03 14:30:45,4,0 days 00:30:00
2025-03-03 15:00:45,3,0 days 00:50:00
2025-03-03 15:50:45,2,0 days 00:50:00
2025-03-03 16:40:45,4,0 days 00:30:00
2025-03-03 17:10:45,3,0 days 00:30:00
2025-03-03 17:40:45,2,0 days 00:30:00
2025-03-03 18:10:45,4,0 days 00:50:00
2025-03-03 19:00:45,3,0 days 00:10:00
2025-03-03 19:10:45,1,0 days 00:10:00
2025-03-03 19:20:45,2,0 days 00:20:00
2025-03-03 19:40:45,3,0 days 00:20:00
2025-03-03 20:00:45,4,0 days 00:50:00
2025-03-03 20:50:45,3,0 days 00:20:00
2025-03-03 21:10:45,4,0 days 00:20:00
2025-03-03 21:30:45,3,0 days 01:00:00
2025-03-03 22:30:45,4,0 days 00:20:00
2025-03-03 22:50:45,3,0 days 00:40:00
2025-03-03 23:30:45,2,0 days 00:30:00
2025-03-04 00:00:45,3,0 days 00:30:00
2025-03-04 00:30:45,2,0 days 00:10:00
2025-03-04 00:40:45,3,0 days 00:10:00
2025-03-04 00:50:45,4,0 days 00:20:00
2025-03-04 01:10:45,3,0 days 00:20:00
2025-03-04 01:30:45,4,0 days 00:50:00
2025-03-04 02:20:45,3,0 days 01:00:00
2025-03-04 03:20:45,2,0 days 00:30:00
2025-03-04 03:50:45,3,0 days 00:10:00
2025-03-04 04:00:45,4,0 days 01:00:00
2025-03-04 05:00:45,3,0 days 00:40:00
2025-03-04 05:40:45,1,0 days 00:20:00
2025-03-04 06:00:45,2,0 days 00:10:00
2025-03-04 06:10:45,4,0 days 01:30:00
2025-03-04 07:40:45,3,0 days 00:10:00
2025-03-04 07:50:45,2,0 days 00:10:00
2025-03-04 08:00:45,1,0 days 00:30:00
2025-03-04 08:30:45,3,0 days 00:10:00
2025-03-04 08:40:45,4,0 days 02:00:00
2025-03-04 10:40:45,3,0 days 01:40:00
2025-03-04 12:20:45,4,0 days 00:40:00
2025-03-04 13:00:45,3,0 days 00:10:00
2025-03-04 13:10:45,4,0 days 00:50:00
2025-03-04 14:00:45,3,0 days 00:10:00
2025-03-04 14:10:45,4,0 days 00:30:00
2025-03-04 14:40:45,3,0 days 00:30:00
2025-03-04 15:10:45,2,0 days 00:20:00
2025-03-04 15:30:45,3,0 days 01:10:00
2025-03-04 16:40:45,4,0 days 00:40:00
2025-03-04 17:20:45,3,0 days 00:20:00
2025-03-04 17:40:45,2,0 days 00:30:00
2025-03-04 18:10:45,3,0 days 00:10:00
2025-03-04 18:20:45,4,0 days 00:20:00
2025-03-04 18:40:45,3,0 days 00:30:00
2025-03-04 19:10:45,4,0 days 00:30:00
2025-03-04 19:40:45,3,0 days 00:10:00
2025-03-04 19:50:45,4,0 days 00:20:00
2025-03-04 20:10:45,2,0 days 01:30:00
2025-03-04 21:40:45,3,0 days 00:40:00
2025-03-04 22:20:45,4,0 days 00:20:00
2025-03-04 22:40:45,3,0 days 00:30:00
2025-03-04 23:10:45,4,0 days 00:10:00
2025-03-04 23:20:45,3,0 days 00:40:00
2025-03-05 00:00:45,4,0 days 00:20:00
2025-03-05 00:20:45,3,0 days 00:20:00
2025-03-05 00:40:45,2,0 days 00:10:00
2025-03-05 00:50:45,4,0 days 00:50:00
2025-03-05 01:40:45,3,0 days 00:10:00
2025-03-05 01:50:45,2,0 days 00:20:00
2025-03-05 02:10:45,1,0 days 00:20:00
2025-03-05 02:30:45,2,0 days 00:10:00
2025-03-05 02:40:45,3,0 days 00:10:00
2025-03-05 02:50:45,4,0 days 00:40:00
2025-03-05 03:30:45,2,0 days 00:30:00
2025-03-05 04:00:45,3,0 days 00:30:00
2025-03-05 04:30:45,4,0 days 00:10:00
2025-03-05 04:40:45,3,0 days 00:30:00
2025-03-05 05:10:45,4,0 days 01:00:00
2025-03-05 06:10:45,3,0 days 00:30:00
2025-03-05 06:40:45,2,0 days 01:00:00
2025-03-05 07:40:45,3,0 days 00:10:00
2025-03-05 07:50:45,4,0 days 00:50:00
2025-03-05 08:40:45,3,0 days 00:30:00
2025-03-05 09:10:45,2,0 days 00:10:00
2025-03-05 09:20:45,4,0 days 01:40:00
2025-03-05 11:00:45,3,0 days 00:10:00
2025-03-05 11:10:45,2,0 days 00:20:00
2025-03-05 11:30:45,1,0 days 00:20:00
2025-03-05 11:50:45,2,0 days 00:20:00
2025-03-05 12:10:45,3,0 days 02:40:00
2025-03-05 14:50:45,4,0 days 00:20:00
2025-03-05 15:10:45,2,0 days 00:50:00
2025-03-05 16:00:45,4,0 days 00:20:00
2025-03-05 16:20:45,3,0 days 00:30:00
2025-03-05 16:50:45,4,0 days 01:10:00
2025-03-05 18:00:45,3,0 days 00:30:00
2025-03-05 18:30:45,2,0 days 00:30:00
2025-03-05 19:00:45,4,0 days 00:10:00
2025-03-05 19:10:45,3,0 days 00:20:00
2025-03-05 19:30:45,4,0 days 00:10:00
2025-03-05 19:40:45,3,0 days 00:30:00
2025-03-05 20:10:45,4,0 days 00:30:00
2025-03-05 20:40:45,3,0 days 00:20:00
2025-03-05 21:00:45,2,0 days 00:40:00
2025-03-05 21:40:45,3,0 days 00:20:00
2025-03-05 22:00:45,4,0 days 00:20:00
2025-03-05 22:20:45,2,0 days 00:30:00
2025-03-05 22:50:45,4,0 days 00:10:00
2025-03-05 23:00:45,3,0 days 00:10:00
2025-03-05 23:10:45,2,0 days 00:40:00
2025-03-05 23:50:45,3,0 days 01:00:00
2025-03-06 00:50:45,4,0 days 01:10:00
2025-03-06 02:00:45,3,0 days 00:10:00
2025-03-06 02:10:45,2,0 days 00:10:00
2025-03-06 02:20:45,3,0 days 00:10:00
2025-03-06 02:30:45,2,0 days 00:10:00
2025-03-06 02:40:45,3,0 days 00:50:00
2025-03-06 03:30:45,4,0 days 00:30:00
2025-03-06 04:00:45,2,0 days 00:20:00
2025-03-06 04:20:45,3,0 days 00:30:00
2025-03-06 04:50:45,2,0 days 00:10:00
2025-03-06 05:00:45,3,0 days 00:40:00
2025-03-06 05:40:45,4,0 days 00:40:00
2025-03-06 06:20:45,3,0 days 00:30:00
2025-03-06 06:50:45,4,0 days 00:20:00
2025-03-06 07:10:45,3,0 days 00:10:00
2025-03-06 07:20:45,2,0 days 00:10:00
2025-03-06 07:30:45,3,0 days 00:20:00
2025-03-06 07:50:45,4,0 days 01:20:00
2025-03-06 09:10:45,3,0 days 00:30:00
2025-03-06 09:40:45,4,0 days 00:20:00
2025-03-06 10:00:45,3,0 days 00:30:00
2025-03-06 10:30:45,4,0 days 00:10:00
2025-03-06 10:40:45,3,0 days 00:30:00
2025-03-06 11:10:45,1,0 days 00:30:00
2025-03-06 11:40:45,3,0 days 00:10:00
2025-03-06 11:50:45,4,0 days 00:20:00
2025-03-06 12:10:45,3,0 days 01:00:00
2025-03-06 13:10:45,4,0 days 00:10:00
2025-03-06 13:20:45,3,0 days 01:00:00
2025-03-06 14:20:45,4,0 days 00:20:00
2025-03-06 14:40:45,3,0 days 00:20:00
2025-03-06 15:00:45,4,0 days 01:00:00
2025-03-06 16:00:45,3,0 days 00:20:00
2025-03-06 16:20:45,2,0 days 00:10:00
2025-03-06 16:30:45,3,0 days 00:10:00
2025-03-06 16:40:45,4,0 days 00:30:00
2025-03-06 17:10:45,3,0 days 00:50:00
2025-03-06 18:00:45,2,0 days 00:10:00
2025-03-06 18:10:45,3,0 days 01:00:00
2025-03-06 19:10:45,4,0 days 00:50:00
2025-03-06 20:00:45,3,0 days 00:30:00
2025-03-06 20:30:45,2,0 days 00:20:00
2025-03-06 20:50:45,3,0 days 00:10:00
2025-03-06 21:00:45,2,0 days 00:30:00
2025-03-06 21:30:45,3,0 days 00:30:00
2025-03-06 22:00:45,4,0 days 01:10:00
2025-03-06 23:10:45,3,0 days 00:10:00
2025-03-06 23:20:45,2,0 days 00:10:00
2025-03-06 23:30:45,1,0 days 00:10:00
2025-03-06 23:40:45,2,0 days 00:20:00
2025-03-07 00:00:45,3,0 days 01:00:00
2025-03-07 01:00:45,4,0 days 00:30:00
2025-03-07 01:30:45,3,0 days 00:10:00
2025-03-07 01:40:45,2,0 days 00:20:00
2025-03-07 02:00:45,3,0 days 00:10:00
2025-03-07 02:10:45,2,0 days 00:10:00
2025-03-07 02:20:45,3,0 days 00:10:00
2025-03-07 02:30:45,4,0 days 01:30:00
2025-03-07 04:00:45,3,0 days 00:20:00
2025-03-07 04:20:45,4,0 days 00:50:00
2025-03-07 05:10:45,2,0 days 00:30:00
2025-03-07 05:40:45,3,0 days 00:10:00
2025-03-07 05:50:45,2,0 days 00:20:00
2025-03-07 06:10:45,3,0 days 00:40:00
2025-03-07 06:50:45,4,0 days 01:00:00
2025-03-07 07:50:45,3,0 days 00:10:00
2025-03-07 08:00:45,2,0 days 00:10:00
2025-03-07 08:10:45,3,0 days 01:20:00
2025-03-07 09:30:45,4,0 days 00:10:00
2025-03-07 09:40:45,3,0 days 00:10:00
2025-03-07 09:50:45,4,0 days 00:10:00
2025-03-07 10:00:45,3,0 days 00:10:00
2025-03-07 10:10:45,4,0 days 00:10:00
2025-03-07 10:20:45,2,2 days 00:40:00
2025-03-09 11:00:45,3,0 days 00:10:00
2025-03-09 11:10:45,4,0 days 02:00:00
2025-03-09 13:10:45,3,0 days 01:30:00
2025-03-09 14:40:45,4,0 days 00:40:00
2025-03-09 15:20:45,3,0 days 00:30:00
2025-03-09 15:50:45,2,0 days 00:30:00
2025-03-09 16:20:45,3,0 days 01:20:00
2025-03-09 17:40:45,4,0 days 00:20:00
2025-03-09 18:00:45,3,0 days 00:30:00
2025-03-09 18:30:45,4,0 days 00:10:00
2025-03-09 18:40:45,3,0 days 00:20:00
2025-03-09 19:00:45,4,0 days 01:10:00
2025-03-09 20:10:45,3,0 days 00:10:00
2025-03-09 20:20:45,2,0 days 00:20:00
2025-03-09 20:40:45,3,0 days 00:20:00
2025-03-09 21:00:45,4,0 days 01:50:00
2025-03-09 22:50:45,3,0 days 00:10:00
2025-03-09 23:00:45,2,0 days 00:30:00
2025-03-09 23:30:45,4,0 days 01:00:00
2025-03-10 00:30:45,3,0 days 00:50:00
2025-03-10 01:20:45,4,0 days 00:20:00
2025-03-10 01:40:45,3,0 days 00:10:00
2025-03-10 01:50:45,2,0 days 00:40:00
2025-03-10 02:30:45,3,0 days 00:10:00
2025-03-10 02:40:45,4,0 days 00:30:00
2025-03-10 03:10:45,3,0 days 00:10:00
2025-03-10 03:20:45,4,0 days 00:50:00
2025-03-10 04:10:45,3,0 days 00:10:00
2025-03-10 04:20:45,2,0 days 00:40:00
2025-03-10 05:00:45,3,0 days 00:10:00
2025-03-10 05:10:45,4,0 days 00:10:00
2025-03-10 05:20:45,3,0 days 00:20:00
2025-03-10 05:40:45,2,0 days 00:10:00
2025-03-10 05:50:45,1,0 days 00:30:00
2025-03-10 06:20:45,4,0 days 01:10:00
2025-03-10 07:30:45,3,0 days 00:20:00
2025-03-10 07:50:45,2,0 days 00:40:00
2025-03-10 08:30:45,3,0 days 00:10:00
2025-03-10 08:40:45,4,0 days 00:20:00
2025-03-10 09:00:45,2,0 days 00:10:00
2025-03-10 09:10:45,1,0 days 00:20:00
2025-03-10 09:30:45,3,0 days 00:30:00
2025-03-10 10:00:45,4,0 days 00:50:00
2025-03-10 10:50:45,3,0 days 01:30:00
2025-03-10 12:20:45,4,0 days 00:10:00
2025-03-10 12:30:45,3,0 days 00:10:00
2025-03-10 12:40:45,2,0 days 00:40:00
2025-03-10 13:20:45,3,0 days 00:20:00
2025-03-10 13:40:45,4,0 days 00:30:00
2025-03-10 14:10:45,3,0 days 00:20:00
2025-03-10 14:30:45,2,0 days 00:20:00
2025-03-10 14:50:45,3,0 days 00:10:00
2025-03-10 15:00:45,4,0 days 00:50:00
2025-03-10 15:50:45,3,0 days 00:50:00
2025-03-10 16:40:45,4,0 days 00:30:00
2025-03-10 17:10:45,3,0 days 00:40:00
2025-03-10 17:50:45,4,0 days 00:40:00
2025-03-10 18:30:45,2,0 days 00:20:00
2025-03-10 18:50:45,3,0 days 00:20:00
2025-03-10 19:10:45,4,0 days 01:00:00
2025-03-10 20:10:45,3,0 days 00:10:00
2025-03-10 20:20:45,4,0 days 00:30:00
2025-03-10 20:50:45,3,0 days 01:00:00
2025-03-10 21:50:45,2,0 days 00:10:00
2025-03-10 22:00:45,3,0 days 00:20:00
2025-03-10 22:20:45,4,0 days 00:10:00
2025-03-10 22:30:45,3,0 days 00:20:00
2025-03-10 22:50:45,4,0 days 00:40:00
2025-03-10 23:30:45,3,0 days 00:40:00
2025-03-11 00:10:45,1,0 days 00:20:00
2025-03-11 00:30:45,2,0 days 00:10:00
2025-03-11 00:40:45,3,0 days 00:10:00
2025-03-11 00:50:45,4,0 days 00:30:00
2025-03-11 01:20:45,2,0 days 00:10:00
2025-03-11 01:30:45,3,0 days 00:30:00
2025-03-11 02:00:45,4,0 days 00:30:00
2025-03-11 02:30:45,3,0 days 00:10:00
2025-03-11 02:40:45,2,0 days 00:20:00
2025-03-11 03:00:45,1,0 days 00:10:00
2025-03-11 03:10:45,2,0 days 00:20:00
2025-03-11 03:30:45,3,0 days 00:10:00
2025-03-11 03:40:45,4,0 days 00:10:00
2025-03-11 03:50:45,3,0 days 01:10:00
2025-03-11 05:00:45,2,0 days 00:20:00
2025-03-11 05:20:45,3,0 days 00:20:00
2025-03-11 05:40:45,4,0 days 01:10:00
2025-03-11 06:50:45,3,0 days 00:10:00
2025-03-11 07:00:45,2,0 days 00:10:00
2025-03-11 07:10:45,3,0 days 00:10:00
2025-03-11 07:20:45,4,0 days 00:40:00
2025-03-11 08:00:45,3,0 days 00:10:00
2025-03-11 08:10:45,2,0 days 00:50:00
2025-03-11 09:00:45,4,0 days 00:30:00
2025-03-11 09:30:45,3,0 days 00:30:00
2025-03-11 10:00:45,2,0 days 00:20:00
2025-03-11 10:20:45,3,0 days 00:20:00
2025-03-11 10:40:45,2,0 days 00:30:00
2025-03-11 11:10:45,3,0 days 00:10:00
2025-03-11 11:20:45,4,0 days 00:40:00
2025-03-11 12:00:45,3,0 days 00:10:00
2025-03-11 12:10:45,2,0 days 00:30:00
2025-03-11 12:40:45,4,0 days 01:10:00
2025-03-11 13:50:45,2,0 days 00:20:00
2025-03-11 14:10:45,3,0 days 00:10:00
2025-03-11 14:20:45,4,0 days 00:30:00
2025-03-11 14:50:45,3,0 days 00:20:00
2025-03-11 15:10:45,2,0 days 00:20:00
2025-03-11 15:30:45,4,0 days 02:20:00
2025-03-11 17:50:45,3,0 days 00:20:00
2025-03-11 18:10:45,2,0 days 00:20:00
2025-03-11 18:30:45,3,0 days 00:10:00
2025-03-11 18:40:45,2,0 days 00:20:00
2025-03-11 19:00:45,3,0 days 00:20:00
2025-03-11 19:20:45,4,0 days 00:40:00
2025-03-11 20:00:45,3,0 days 00:10:00
2025-03-11 20:10:45,4,0 days 00:20:00
2025-03-11 20:30:45,3,0 days 01:10:00
2025-03-11 21:40:45,4,0 days 01:10:00
2025-03-11 22:50:45,3,0 days 01:40:00
2025-03-12 00:30:45,1,0 days 00:10:00
2025-03-12 00:40:45,2,0 days 00:50:00
2025-03-12 01:30:45,3,0 days 00:50:00
2025-03-12 02:20:45,4,0 days 00:10:00
2025-03-12 02:30:45,3,0 days 00:50:00
2025-03-12 03:20:45,4,0 days 00:50:00
2025-03-12 04:10:45,3,0 days 00:10:00
2025-03-12 04:20:45,4,0 days 01:00:00
2025-03-12 05:20:45,3,0 days 00:10:00
2025-03-12 05:30:45,2,0 days 00:10:00
2025-03-12 05:40:45,3,0 days 01:00:00
2025-03-12 06:40:45,4,0 days 00:10:00
2025-03-12 06:50:45,3,0 days 00:30:00
2025-03-12 07:20:45,4,0 days 00:40:00
2025-03-12 08:00:45,3,0 days 00:10:00
2025-03-12 08:10:45,2,0 days 00:10:00
2025-03-12 08:20:45,3,0 days 00:10:00
2025-03-12 08:30:45,2,0 days 00:10:00
2025-03-12 08:40:45,4,0 days 00:40:00
2025-03-12 09:20:45,3,0 days 02:00:00
2025-03-12 11:20:45,4,0 days 01:10:00
2025-03-12 12:30:45,3,0 days 00:20:00
2025-03-12 12:50:45,2,0 days 00:30:00
2025-03-12 13:20:45,3,0 days 00:10:00
2025-03-12 13:30:45,4,0 days 00:10:00
2025-03-12 13:40:45,3,0 days 00:10:00
2025-03-12 13:50:45,4,0 days 00:50:00
2025-03-12 14:40:45,3,0 days 00:20:00
2025-03-12 15:00:45,2,0 days 00:10:00
2025-03-12 15:10:45,3,0 days 00:50:00
2025-03-12 16:00:45,4,0 days 00:50:00
2025-03-12 16:50:45,3,0 days 00:10:00
2025-03-12 17:00:45,2,0 days 00:30:00
2025-03-12 17:30:45,3,0 days 00:30:00
2025-03-12 18:00:45,4,0 days 00:30:00
2025-03-12 18:30:45,3,0 days 00:10:00
2025-03-12 18:40:45,2,0 days 00:10:00
2025-03-12 18:50:45,3,0 days 00:30:00
2025-03-12 19:20:45,4,0 days 00:40:00
2025-03-12 20:00:45,2,0 days 00:10:00
2025-03-12 20:10:45,3,0 days 00:30:00
2025-03-12 20:40:45,4,0 days 00:30:00
2025-03-12 21:10:45,3,0 days 00:10:00
2025-03-12 21:20:45,4,0 days 00:30:00
2025-03-12 21:50:45,3,0 days 00:20:00
2025-03-12 22:10:45,2,0 days 00:10:00
2025-03-12 22:20:45,3,0 days 00:20:00
2025-03-12 22:40:45,2,0 days 00:10:00
2025-03-12 22:50:45,3,0 days 00:20:00
2025-03-12 23:10:45,4,0 days 00:50:00
2025-03-13 00:00:45,3,0 days 00:30:00
2025-03-13 00:30:45,4,0 days 00:20:00
2025-03-13 00:50:45,3,0 days 00:20:00
2025-03-13 01:10:45,2,0 days 00:10:00
2025-03-13 01:20:45,3,0 days 00:20:00
2025-03-13 01:40:45,2,0 days 00:30:00
2025-03-13 02:10:45,3,0 days 00:10:00
2025-03-13 02:20:45,4,0 days 00:20:00
2025-03-13 02:40:45,3,0 days 01:00:00
2025-03-13 03:40:45,4,0 days 00:20:00
2025-03-13 04:00:45,3,0 days 00:40:00
2025-03-13 04:40:45,2,0 days 00:20:00
2025-03-13 05:00:45,3,0 days 00:10:00
2025-03-13 05:10:45,4,0 days 00:30:00
2025-03-13 05:40:45,2,0 days 00:30:00
2025-03-13 06:10:45,3,0 days 00:10:00
2025-03-13 06:20:45,2,0 days 00:10:00
2025-03-13 06:30:45,3,0 days 00:10:00
2025-03-13 06:40:45,4,0 days 00:20:00
2025-03-13 07:00:45,3,0 days 00:40:00
2025-03-13 07:40:45,4,0 days 01:20:00
2025-03-13 09:00:45,3,0 days 00:10:00
2025-03-13 09:10:45,2,0 days 00:30:00
2025-03-13 09:40:45,3,0 days 00:10:00
2025-03-13 09:50:45,2,0 days 00:30:00
2025-03-13 10:20:45,4,0 days 01:00:00
2025-03-13 11:20:45,3,0 days 00:40:00
2025-03-13 12:00:45,4,0 days 00:10:00
2025-03-13 12:10:45,3,0 days 01:40:00
2025-03-13 13:50:45,2,0 days 00:30:00
2025-03-13 14:20:45,3,0 days 00:10:00
2025-03-13 14:30:45,4,0 days 00:30:00
2025-03-13 15:00:45,3,0 days 00:20:00
2025-03-13 15:20:45,4,0 days 00:10:00
2025-03-13 15:30:45,3,0 days 00:40:00
2025-03-13 16:10:45,4,0 days 00:50:00
2025-03-13 17:00:45,3,0 days 00:50:00
2025-03-13 17:50:45,2,0 days 00:30:00
2025-03-13 18:20:45,4,0 days 00:40:00
2025-03-13 19:00:45,3,0 days 00:30:00
2025-03-13 19:30:45,2,0 days 00:10:00
2025-03-13 19:40:45,3,0 days 00:30:00
2025-03-13 20:10:45,4,0 days 00:10:00
2025-03-13 20:20:45,3,0 days 00:20:00
2025-03-13 20:40:45,2,0 days 00:20:00
2025-03-13 21:00:45,3,0 days 00:20:00
2025-03-13 21:20:45,4,0 days 00:50:00
2025-03-13 22:10:45,3,0 days 00:30:00
2025-03-13 22:40:45,4,0 days 00:10:00
2025-03-13 22:50:45,3,0 days 01:00:00
2025-03-13 23:50:45,4,0 days 00:20:00
2025-03-14 00:10:45,3,0 days 00:30:00
2025-03-14 00:40:45,4,0 days 00:10:00
2025-03-14 00:50:45,3,0 days 00:30:00
2025-03-14 01:20:45,4,0 days 01:10:00
2025-03-14 02:30:45,3,0 days 00:10:00
2025-03-14 02:40:45,2,0 days 00:30:00
2025-03-14 03:10:45,3,0 days 00:40:00
2025-03-14 03:50:45,4,0 days 00:50:00
2025-03-14 04:40:45,3,0 days 01:50:00
2025-03-14 06:30:45,4,0 days 01:00:00
2025-03-14 07:30:45,3,0 days 00:10:00
2025-03-14 07:40:45,4,0 days 00:30:00
2025-03-14 08:10:45,3,0 days 00:10:00
2025-03-14 08:20:45,2,0 days 00:40:00
2025-03-14 09:00:45,3,0 days 00:30:00
2025-03-14 09:30:45,4,0 days 01:20:00
2025-03-14 10:50:45,2,0 days 00:40:00
2025-03-14 11:30:45,3,0 days 00:20:00
2025-03-14 11:50:45,4,0 days 00:10:00
2025-03-14 12:00:45,3,0 days 00:30:00
2025-03-14 12:30:45,4,0 days 01:00:00
2025-03-14 13:30:45,3,0 days 00:40:00
2025-03-14 14:10:45,2,0 days 00:40:00
2025-03-14 14:50:45,3,0 days 00:10:00
2025-03-14 15:00:45,4,0 days 00:30:00
2025-03-14 15:30:45,3,0 days 00:10:00
2025-03-14 15:40:45,2,0 days 00:10:00
2025-03-14 15:50:45,3,0 days 00:20:00
2025-03-14 16:10:45,4,0 days 00:40:00
2025-03-14 16:50:45,2,0 days 00:20:00
2025-03-14 17:10:45,3,0 days 00:20:00
2025-03-14 17:30:45,4,0 days 00:50:00
2025-03-14 18:20:45,2,0 days 00:50:00
2025-03-14 19:10:45,1,0 days 00:10:00
2025-03-14 19:20:45,2,0 days 00:20:00
2025-03-14 19:40:45,3,0 days 01:00:00
2025-03-14 20:40:45,4,0 days 00:10:00
2025-03-14 20:50:45,3,0 days 00:10:00
2025-03-14 21:00:45,2,0 days 00:20:00
2025-03-14 21:20:45,3,0 days 00:40:00
2025-03-14 22:00:45,4,0 days 00:50:00
2025-03-14 22:50:45,3,0 days 00:10:00
2025-03-14 23:00:45,2,0 days 00:10:00
2025-03-14 23:10:45,1,0 days 00:20:00
2025-03-14 23:30:45,2,0 days 00:30:00
2025-03-15 00:00:45,3,0 days 00:10:00
2025-03-15 00:10:45,4,0 days 01:10:00
2025-03-15 01:20:45,3,0 days 00:10:00
2025-03-15 01:30:45,2,0 days 00:10:00
2025-03-15 01:40:45,1,0 days 00:10:00
2025-03-15 01:50:45,2,0 days 00:10:00
2025-03-15 02:00:45,3,0 days 00:20:00
2025-03-15 02:20:45,4,0 days 00:40:00
2025-03-15 03:00:45,3,0 days 00:50:00
2025-03-15 03:50:45,4,0 days 00:20:00
2025-03-15 04:10:45,3,0 days 00:10:00
2025-03-15 04:20:45,2,0 days 00:40:00
2025-03-15 05:00:45,3,0 days 00:20:00
2025-03-15 05:20:45,4,0 days 01:00:00
2025-03-15 06:20:45,3,0 days 00:10:00
2025-03-15 06:30:45,4,0 days 00:10:00
2025-03-15 06:40:45,3,0 days 01:10:00
2025-03-15 07:50:45,4,0 days 00:20:00
2025-03-15 08:10:45,3,0 days 01:50:00
2025-03-15 10:00:45,4,0 days 00:10:00
2025-03-15 10:10:45,3,0 days 00:10:00
2025-03-15 10:20:45,2,0 days 00:20:00
2025-03-15 10:40:45,3,0 days 00:20:00
2025-03-15 11:00:45,4,0 days 01:20:00
2025-03-15 12:20:45,3,0 days 01:10:00
2025-03-15 13:30:45,4,0 days 00:40:00
2025-03-15 14:10:45,3,0 days 00:10:00
2025-03-15 14:20:45,4,0 days 01:40:00
2025-03-15 16:00:45,1,0 days 00:40:00
2025-03-15 16:40:45,2,0 days 00:10:00
2025-03-15 16:50:45,3,0 days 00:10:00
2025-03-15 17:00:45,4,0 days 00:20:00
2025-03-15 17:20:45,3,0 days 00:30:00
2025-03-15 17:50:45,4,0 days 00:20:00
2025-03-15 18:10:45,3,0 days 00:20:00
2025-03-15 18:30:45,2,0 days 00:20:00
2025-03-15 18:50:45,3,0 days 00:10:00
2025-03-15 19:00:45,4,0 days 00:20:00
2025-03-15 19:20:45,3,0 days 00:30:00
2025-03-15 19:50:45,4,0 days 00:40:00
2025-03-15 20:30:45,3,0 days 00:50:00
2025-03-15 21:20:45,4,0 days 00:10:00
2025-03-15 21:30:45,3,0 days 00:20:00
2025-03-15 21:50:45,4,0 days 00:20:00
2025-03-15 22:10:45,3,0 days 00:20:00
2025-03-15 22:30:45,2,0 days 00:30:00
2025-03-15 23:00:45,3,0 days 00:40:00
2025-03-15 23:40:45,4,0 days 01:20:00
2025-03-16 01:00:45,3,0 days 00:30:00
2025-03-16 01:30:45,2,0 days 00:10:00
2025-03-16 01:40:45,1,0 days 00:20:00
2025-03-16 02:00:45,4,0 days 01:00:00
2025-03-16 03:00:45,2,0 days 00:20:00
2025-03-16 03:20:45,3,0 days 00:10:00
2025-03-16 03:30:45,2,0 days 00:20:00
2025-03-16 03:50:45,4,0 days 00:10:00
2025-03-16 04:00:45,3,0 days 00:20:00
2025-03-16 04:20:45,2,0 days 00:20:00
2025-03-16 04:40:45,3,0 days 00:30:00
2025-03-16 05:10:45,4,0 days 00:10:00
2025-03-16 05:20:45,3,0 days 00:20:00
2025-03-16 05:40:45,4,0 days 00:20:00
2025-03-16 06:00:45,3,0 days 00:40:00
2025-03-16 06:40:45,4,0 days 01:10:00
2025-03-16 07:50:45,3,0 days 00:10:00
2025-03-16 08:00:45,2,0 days 00:20:00
2025-03-16 08:20:45,3,0 days 02:30:00
2025-03-16 10:50:45,4,0 days 00:40:00
2025-03-16 11:30:45,2,0 days 00:30:00
2025-03-16 12:00:45,3,0 days 00:30:00
2025-03-16 12:30:45,4,0 days 00:10:00
2025-03-16 12:40:45,3,0 days 00:50:00
2025-03-16 13:30:45,2,0 days 00:40:00
2025-03-16 14:10:45,3,0 days 00:10:00
2025-03-16 14:20:45,4,0 days 00:50:00
2025-03-16 15:10:45,3,0 days 00:20:00
2025-03-16 15:30:45,4,0 days 00:10:00
2025-03-16 15:40:45,3,0 days 00:10:00
2025-03-16 15:50:45,2,0 days 00:10:00
2025-03-16 16:00:45,3,0 days 00:10:00
2025-03-16 16:10:45,4,0 days 00:40:00
2025-03-16 16:50:45,3,0 days 01:10:00
2025-03-16 18:00:45,4,0 days 00:30:00
2025-03-16 18:30:45,3,0 days 00:30:00
2025-03-16 19:00:45,2,0 days 00:10:00
2025-03-16 19:10:45,3,0 days 00:10:00
2025-03-16 19:20:45,4,0 days 00:30:00
2025-03-16 19:50:45,3,0 days 00:30:00
2025-03-16 20:20:45,4,0 days 01:20:00
2025-03-16 21:40:45,3,0 days 00:20:00
2025-03-16 22:00:45,4,0 days 00:50:00
2025-03-16 22:50:45,2,0 days 00:40:00
2025-03-16 23:30:45,4,0 days 00:10:00
2025-03-16 23:40:45,3,0 days 00:30:00
2025-03-17 00:10:45,4,0 days 00:20:00
2025-03-17 00:30:45,3,0 days 00:40:00
2025-03-17 01:10:45,4,0 days 00:30:00
2025-03-17 01:40:45,3,0 days 01:50:00
2025-03-17 03:30:45,2,0 days 00:10:00
2025-03-17 03:40:45,4,0 days 01:00:00
2025-03-17 04:40:45,3,0 days 00:20:00
2025-03-17 05:00:45,2,0 days 00:10:00
2025-03-17 05:10:45,3,0 days 00:30:00
2025-03-17 05:40:45,2,0 days 00:10:00
2025-03-17 05:50:45,3,0 days 00:20:00
2025-03-17 06:10:45,2,0 days 00:10:00
2025-03-17 06:20:45,3,0 days 02:00:00
2025-03-17 08:20:45,4,0 days 00:40:00
2025-03-17 09:00:45,2,0 days 00:10:00
2025-03-17 09:10:45,1,0 days 00:10:00
2025-03-17 09:20:45,2,0 days 00:50:00
2025-03-17 10:10:45,4,0 days 00:30:00
2025-03-17 10:40:45,3,0 days 00:50:00
2025-03-17 11:30:45,4,0 days 00:10:00
2025-03-17 11:40:45,3,0 days 00:10:00
2025-03-17 11:50:45,2,0 days 01:10:00
2025-03-17 13:00:45,1,0 days 00:10:00
2025-03-17 13:10:45,3,0 days 22:00:00
2025-03-18 11:10:45,4,0 days 01:50:00
2025-03-18 13:00:45,3,0 days 00:10:00
2025-03-18 13:10:45,2,0 days 00:20:00
2025-03-18 13:30:45,1,0 days 00:10:00
2025-03-18 13:40:45,2,0 days 00:30:00
2025-03-18 14:10:45,4,0 days 00:50:00
2025-03-18 15:00:45,3,0 days 00:20:00
2025-03-18 15:20:45,4,0 days 00:30:00
2025-03-18 15:50:45,3,0 days 00:10:00
2025-03-18 16:00:45,2,0 days 00:20:00
2025-03-18 16:20:45,1,0 days 00:10:00
2025-03-18 16:30:45,2,0 days 00:20:00
2025-03-18 16:50:45,3,0 days 00:20:00
2025-03-18 17:10:45,2,0 days 00:30:00
2025-03-18 17:40:45,4,0 days 00:50:00
2025-03-18 18:30:45,3,0 days 00:40:00
2025-03-18 19:10:45,4,0 days 00:20:00
2025-03-18 19:30:45,3,0 days 00:50:00
2025-03-18 20:20:45,2,0 days 00:10:00
2025-03-18 20:30:45,3,0 days 00:10:00
2025-03-18 20:40:45,4,0 days 00:50:00
2025-03-18 21:30:45,3,0 days 00:20:00
2025-03-18 21:50:45,4,0 days 00:40:00
2025-03-18 22:30:45,2,0 days 01:00:00
2025-03-18 23:30:45,4,0 days 01:00:00
2025-03-19 00:30:45,3,0 days 00:20:00
2025-03-19 00:50:45,2,0 days 00:10:00
2025-03-19 01:00:45,1,0 days 00:30:00
2025-03-19 01:30:45,3,0 days 00:20:00
2025-03-19 01:50:45,4,0 days 01:00:00
2025-03-19 02:50:45,3,0 days 00:30:00
2025-03-19 03:20:45,4,0 days 00:20:00
2025-03-19 03:40:45,3,0 days 00:30:00
2025-03-19 04:10:45,2,0 days 00:40:00
2025-03-19 04:50:45,3,0 days 00:10:00
2025-03-19 05:00:45,4,0 days 01:00:00
2025-03-19 06:00:45,3,0 days 00:20:00
2025-03-19 06:20:45,4,0 days 00:30:00
2025-03-19 06:50:45,3,0 days 00:30:00
2025-03-19 07:20:45,1,0 days 00:40:00
2025-03-19 08:00:45,2,0 days 00:10:00
2025-03-19 08:10:45,3,0 days 00:10:00
2025-03-19 08:20:45,4,0 days 00:20:00
2025-03-19 08:40:45,3,0 days 00:30:00
2025-03-19 09:10:45,2,0 days 00:10:00
2025-03-19 09:20:45,1,0 days 00:10:00
2025-03-19 09:30:45,2,0 days 00:30:00
2025-03-19 10:00:45,1,0 days 00:10:00
2025-03-19 10:10:45,3,0 days 00:10:00
2025-03-19 10:20:45,4,0 days 00:30:00
2025-03-19 10:50:45,3,0 days 00:20:00
2025-03-19 11:10:45,2,0 days 00:30:00
2025-03-19 11:40:45,3,0 days 00:20:00
2025-03-19 12:00:45,4,0 days 00:30:00
2025-03-19 12:30:45,3,0 days 01:20:00
2025-03-19 13:50:45,4,0 days 00:40:00
2025-03-19 14:30:45,3,0 days 00:10:00
2025-03-19 14:40:45,4,0 days 00:30:00
2025-03-19 15:10:45,3,0 days 00:20:00
2025-03-19 15:30:45,4,0 days 00:10:00
2025-03-19 15:40:45,3,0 days 00:10:00
2025-03-19 15:50:45,2,0 days 00:30:00
2025-03-19 16:20:45,3,0 days 00:50:00
2025-03-19 17:10:45,2,0 days 00:20:00
2025-03-19 17:30:45,3,0 days 00:20:00
2025-03-19 17:50:45,4,0 days 00:10:00
2025-03-19 18:00:45,3,0 days 00:30:00
2025-03-19 18:30:45,4,0 days 00:30:00
2025-03-19 19:00:45,3,0 days 00:50:00
2025-03-19 19:50:45,2,0 days 00:10:00
2025-03-19 20:00:45,3,0 days 00:20:00
2025-03-19 20:20:45,2,0 days 00:10:00
2025-03-19 20:30:45,3,0 days 00:40:00
2025-03-19 21:10:45,4,0 days 00:20:00
2025-03-19 21:30:45,3,0 days 01:30:00
2025-03-19 23:00:45,2,0 days 00:50:00
2025-03-19 23:50:45,3,0 days 00:10:00
2025-03-20 00:00:45,4,0 days 01:20:00
2025-03-20 01:20:45,3,0 days 00:20:00
2025-03-20 01:40:45,4,0 days 00:30:00
2025-03-20 02:10:45,3,0 days 00:20:00
2025-03-20 02:30:45,2,0 days 00:30:00
2025-03-20 03:00:45,3,0 days 00:10:00
2025-03-20 03:10:45,4,0 days 00:50:00
2025-03-20 04:00:45,3,0 days 00:10:00
2025-03-20 04:10:45,2,0 days 00:30:00
2025-03-20 04:40:45,3,0 days 00:10:00
2025-03-20 04:50:45,4,0 days 00:50:00
2025-03-20 05:40:45,3,0 days 01:00:00
2025-03-20 06:40:45,4,0 days 00:40:00
2025-03-20 07:20:45,2,0 days 00:10:00
2025-03-20 07:30:45,1,0 days 00:40:00
2025-03-20 08:10:45,3,0 days 00:20:00
2025-03-20 08:30:45,4,0 days 01:10:00
2025-03-20 09:40:45,3,0 days 00:20:00
2025-03-20 10:00:45,2,0 days 00:20:00
2025-03-20 10:20:45,3,0 days 00:20:00
2025-03-20 10:40:45,2,0 days 00:10:00
2025-03-20 10:50:45,3,0 days 00:30:00
2025-03-20 11:20:45,4,0 days 00:10:00
2025-03-20 11:30:45,3,0 days 00:50:00
2025-03-20 12:20:45,2,0 days 00:20:00
2025-03-20 12:40:45,3,0 days 00:30:00
2025-03-20 13:10:45,4,0 days 02:10:00
2025-03-20 15:20:45,3,0 days 00:20:00
2025-03-20 15:40:45,2,0 days 00:40:00
2025-03-20 16:20:45,4,0 days 00:20:00
2025-03-20 16:40:45,3,0 days 00:20:00
2025-03-20 17:00:45,4,0 days 00:50:00
2025-03-20 17:50:45,3,0 days 00:20:00
2025-03-20 18:10:45,2,0 days 00:50:00
2025-03-20 19:00:45,4,0 days 00:30:00
2025-03-20 19:30:45,3,0 days 00:50:00
2025-03-20 20:20:45,4,0 days 00:20:00
2025-03-20 20:40:45,3,0 days 00:10:00
2025-03-20 20:50:45,4,0 days 00:10:00
2025-03-20 21:00:45,3,0 days 00:20:00
2025-03-20 21:20:45,4,0 days 00:40:00
2025-03-20 22:00:45,3,0 days 00:20:00
2025-03-20 22:20:45,2,0 days 00:30:00
2025-03-20 22:50:45,3,0 days 00:30:00
2025-03-20 23:20:45,2,0 days 00:10:00
2025-03-20 23:30:45,3,0 days 00:40:00
2025-03-21 00:10:45,4,0 days 00:20:00
2025-03-21 00:30:45,3,0 days 00:20:00
2025-03-21 00:50:45,4,0 days 00:10:00
2025-03-21 01:00:45,2,0 days 00:20:00
2025-03-21 01:20:45,3,0 days 00:20:00
2025-03-21 01:40:45,4,0 days 01:30:00
2025-03-21 03:10:45,3,0 days 00:30:00
2025-03-21 03:40:45,4,0 days 00:10:00
2025-03-21 03:50:45,2,0 days 00:50:00
2025-03-21 04:40:45,3,0 days 00:10:00
2025-03-21 04:50:45,4,0 days 00:30:00
2025-03-21 05:20:45,3,0 days 00:30:00
2025-03-21 05:50:45,4,0 days 00:10:00
2025-03-21 06:00:45,3,0 days 00:50:00
2025-03-21 06:50:45,4,0 days 01:20:00
2025-03-21 08:10:45,2,0 days 00:10:00
2025-03-21 08:20:45,3,0 days 00:50:00
2025-03-21 09:10:45,4,0 days 00:10:00
2025-03-21 09:20:45,3,0 days 00:20:00
2025-03-21 09:40:45,4,0 days 01:20:00
2025-03-21 11:00:45,3,0 days 00:30:00
2025-03-21 11:30:45,1,0 days 00:10:00
2025-03-21 11:40:45,2,0 days 00:10:00
2025-03-21 11:50:45,3,0 days 00:20:00
2025-03-21 12:10:45,4,0 days 01:00:00
2025-03-21 13:10:45,2,0 days 00:40:00
2025-03-21 13:50:45,1,0 days 00:30:00
2025-03-21 14:20:45,3,0 days 00:30:00
2025-03-21 14:50:45,4,0 days 00:30:00
2025-03-21 15:20:45,2,0 days 00:10:00
2025-03-21 15:30:45,1,0 days 00:20:00
2025-03-21 15:50:45,3,0 days 00:20:00
2025-03-21 16:10:45,4,0 days 00:10:00
2025-03-21 16:20:45,3,0 days 00:20:00
2025-03-21 16:40:45,4,0 days 00:10:00
2025-03-21 16:50:45,3,0 days 01:00:00
2025-03-21 17:50:45,4,0 days 00:50:00
2025-03-21 18:40:45,2,0 days 00:30:00
2025-03-21 19:10:45,3,0 days 00:10:00
2025-03-21 19:20:45,4,0 days 00:10:00
2025-03-21 19:30:45,3,0 days 00:30:00
2025-03-21 20:00:45,4,0 days 00:40:00
2025-03-21 20:40:45,3,0 days 00:50:00
2025-03-21 21:30:45,4,0 days 00:30:00
2025-03-21 22:00:45,3,0 days 00:40:00
2025-03-21 22:40:45,2,0 days 00:10:00
2025-03-21 22:50:45,3,0 days 00:50:00
2025-03-21 23:40:45,4,0 days 01:00:00
2025-03-22 00:40:45,3,0 days 00:20:00
2025-03-22 01:00:45,2,0 days 00:40:00
2025-03-22 01:40:45,4,0 days 01:50:00
2025-03-22 03:30:45,3,0 days 00:10:00
2025-03-22 03:40:45,4,0 days 00:10:00
2025-03-22 03:50:45,3,0 days 00:20:00
2025-03-22 04:10:45,2,0 days 00:10:00
2025-03-22 04:20:45,3,0 days 00:20:00
2025-03-22 04:40:45,4,0 days 00:10:00
2025-03-22 04:50:45,3,0 days 00:40:00
2025-03-22 05:30:45,4,0 days 00:30:00
2025-03-22 06:00:45,3,0 days 01:10:00
2025-03-22 07:10:45,2,0 days 00:10:00
2025-03-22 07:20:45,3,0 days 00:50:00
2025-03-22 08:10:45,4,0 days 00:10:00
2025-03-22 08:20:45,3,0 days 00:40:00
2025-03-22 09:00:45,2,0 days 00:10:00
2025-03-22 09:10:45,1,0 days 00:10:00
2025-03-22 09:20:45,2,0 days 00:30:00
2025-03-22 09:50:45,4,0 days 00:50:00
2025-03-22 10:40:45,3,0 days 00:30:00
2025-03-22 11:10:45,2,0 days 00:30:00
2025-03-22 11:40:45,3,0 days 00:10:00
2025-03-22 11:50:45,2,0 days 00:30:00
2025-03-22 12:20:45,4,0 days 01:40:00
2025-03-22 14:00:45,2,0 days 00:10:00
2025-03-22 14:10:45,1,0 days 00:10:00
2025-03-22 14:20:45,2,0 days 00:10:00
2025-03-22 14:30:45,4,0 days 00:30:00
2025-03-22 15:00:45,3,0 days 00:20:00
2025-03-22 15:20:45,4,0 days 00:10:00
2025-03-22 15:30:45,3,0 days 00:30:00
2025-03-22 16:00:45,4,0 days 00:30:00
2025-03-22 16:30:45,3,0 days 00:40:00
2025-03-22 17:10:45,2,0 days 00:10:00
2025-03-22 17:20:45,4,0 days 00:40:00
2025-03-22 18:00:45,2,0 days 00:40:00
2025-03-22 18:40:45,3,0 days 00:10:00
2025-03-22 18:50:45,4,0 days 00:40:00
2025-03-22 19:30:45,3,0 days 00:10:00
2025-03-22 19:40:45,2,0 days 00:20:00
2025-03-22 20:00:45,3,0 days 00:20:00
2025-03-22 20:20:45,4,0 days 00:10:00
2025-03-22 20:30:45,3,0 days 00:10:00
2025-03-22 20:40:45,4,0 days 01:00:00
2025-03-22 21:40:45,3,0 days 00:10:00
2025-03-22 21:50:45,2,0 days 00:20:00
2025-03-22 22:10:45,3,0 days 00:40:00
2025-03-22 22:50:45,4,0 days 00:10:00
2025-03-22 23:00:45,3,0 days 00:20:00
2025-03-22 23:20:45,4,0 days 02:00:00
2025-03-23 01:20:45,3,0 days 00:30:00
2025-03-23 01:50:45,2,0 days 00:10:00
2025-03-23 02:00:45,4,0 days 00:10:00
2025-03-23 02:10:45,3,0 days 00:20:00
2025-03-23 02:30:45,2,0 days 00:10:00
2025-03-23 02:40:45,3,0 days 00:30:00
2025-03-23 03:10:45,4,0 days 01:30:00
2025-03-23 04:40:45,3,0 days 00:20:00
2025-03-23 05:00:45,2,0 days 00:10:00
2025-03-23 05:10:45,1,0 days 00:30:00
2025-03-23 05:40:45,2,0 days 00:10:00
2025-03-23 05:50:45,3,0 days 00:10:00
2025-03-23 06:00:45,4,0 days 00:50:00
2025-03-23 06:50:45,3,0 days 00:20:00
2025-03-23 07:10:45,2,0 days 00:10:00
2025-03-23 07:20:45,3,0 days 00:10:00
2025-03-23 07:30:45,2,0 days 00:10:00
2025-03-23 07:40:45,3,0 days 00:50:00
2025-03-23 08:30:45,4,0 days 01:00:00
2025-03-23 09:30:45,1,0 days 00:30:00
2025-03-23 10:00:45,3,0 days 00:30:00
2025-03-23 10:30:45,2,0 days 00:10:00
2025-03-23 10:40:45,3,0 days 00:30:00
2025-03-23 11:10:45,4,0 days 01:00:00
2025-03-23 12:10:45,3,0 days 00:20:00
2025-03-23 12:30:45,2,0 days 00:10:00
2025-03-23 12:40:45,1,0 days 00:10:00
2025-03-23 12:50:45,2,0 days 00:10:00
2025-03-23 13:00:45,3,0 days 01:00:00
2025-03-23 14:00:45,2,0 days 00:20:00
2025-03-23 14:20:45,3,0 days 00:40:00
2025-03-23 15:00:45,4,0 days 01:10:00
2025-03-23 16:10:45,3,0 days 00:10:00
2025-03-23 16:20:45,4,0 days 00:40:00
2025-03-23 17:00:45,3,0 days 00:10:00
2025-03-23 17:10:45,2,0 days 00:10:00
2025-03-23 17:20:45,3,0 days 01:40:00
2025-03-23 19:00:45,2,0 days 00:20:00
2025-03-23 19:20:45,3,0 days 00:40:00
2025-03-23 20:00:45,4,0 days 01:00:00
2025-03-23 21:00:45,3,0 days 00:10:00
2025-03-23 21:10:45,2,0 days 00:20:00
2025-03-23 21:30:45,4,0 days 00:30:00
2025-03-23 22:00:45,3,0 days 00:20:00
2025-03-23 22:20:45,4,0 days 00:30:00
2025-03-23 22:50:45,3,0 days 00:40:00
2025-03-23 23:30:45,2,0 days 00:10:00
2025-03-23 23:40:45,1,0 days 00:10:00
2025-03-23 23:50:45,2,0 days 00:40:00
2025-03-24 00:30:45,3,0 days 00:20:00
2025-03-24 00:50:45,4,0 days 00:30:00
2025-03-24 01:20:45,3,0 days 00:10:00
2025-03-24 01:30:45,2,0 days 00:20:00
2025-03-24 01:50:45,1,0 days 00:10:00
2025-03-24 02:00:45,2,0 days 00:20:00
2025-03-24 02:20:45,3,0 days 00:30:00
2025-03-24 02:50:45,4,0 days 02:00:00
2025-03-24 04:50:45,3,0 days 00:30:00
2025-03-24 05:20:45,2,0 days 00:40:00
2025-03-24 06:00:45,3,0 days 00:30:00
2025-03-24 06:30:45,4,0 days 00:50:00
2025-03-24 07:20:45,3,0 days 00:40:00
2025-03-24 08:00:45,4,0 days 00:50:00
2025-03-24 08:50:45,3,0 days 00:20:00
2025-03-24 09:10:45,2,0 days 00:20:00
2025-03-24 09:30:45,3,0 days 00:20:00
2025-03-24 09:50:45,4,0 days 00:30:00
2025-03-24 10:20:45,3,0 days 00:10:00
2025-03-24 10:30:45,2,0 days 00:50:00
2025-03-24 11:20:45,3,0 days 00:10:00
2025-03-24 11:30:45,4,0 days 00:20:00
2025-03-24 11:50:45,3,0 days 00:10:00
2025-03-24 12:00:45,2,0 days 00:30:00
2025-03-24 12:30:45,3,0 days 00:50:00
2025-03-24 13:20:45,4,0 days 00:10:00
2025-03-24 13:30:45,3,0 days 00:20:00
2025-03-24 13:50:45,4,0 days 00:20:00
2025-03-24 14:10:45,3,0 days 00:30:00
2025-03-24 14:40:45,2,0 days 00:20:00
2025-03-24 15:00:45,3,0 days 00:20:00
2025-03-24 15:20:45,4,0 days 00:50:00
2025-03-24 16:10:45,3,0 days 00:20:00
2025-03-24 16:30:45,2,0 days 00:20:00
2025-03-24 16:50:45,3,0 days 00:20:00
2025-03-24 17:10:45,4,0 days 00:20:00
2025-03-24 17:30:45,3,0 days 00:40:00
2025-03-24 18:10:45,4,0 days 01:00:00
2025-03-24 19:10:45,3,0 days 00:10:00
2025-03-24 19:20:45,2,0 days 00:50:00
2025-03-24 20:10:45,3,0 days 00:10:00
2025-03-24 20:20:45,4,0 days 00:10:00
2025-03-24 20:30:45,3,0 days 00:50:00
2025-03-24 21:20:45,2,0 days 00:10:00
2025-03-24 21:30:45,3,0 days 00:20:00
2025-03-24 21:50:45,4,0 days 00:20:00
2025-03-24 22:10:45,3,0 days 00:40:00
2025-03-24 22:50:45,4,0 days 00:10:00
2025-03-24 23:00:45,3,0 days 00:20:00
2025-03-24 23:20:45,4,0 days 00:30:00
2025-03-24 23:50:45,3,0 days 00:10:00
2025-03-25 00:00:45,4,0 days 00:10:00
2025-03-25 00:10:45,3,0 days 00:30:00
2025-03-25 00:40:45,2,0 days 00:30:00
2025-03-25 01:10:45,3,0 days 00:10:00
2025-03-25 01:20:45,4,0 days 00:30:00
2025-03-25 01:50:45,3,0 days 00:20:00
2025-03-25 02:10:45,2,0 days 00:20:00
2025-03-25 02:30:45,3,0 days 00:10:00
2025-03-25 02:40:45,2,0 days 00:10:00
2025-03-25 02:50:45,3,0 days 00:10:00
2025-03-25 03:00:45,4,0 days 01:00:00
2025-03-25 04:00:45,3,0 days 00:10:00
2025-03-25 04:10:45,2,0 days 00:40:00
2025-03-25 04:50:45,3,0 days 00:30:00
2025-03-25 05:20:45,4,0 days 00:30:00
2025-03-25 05:50:45,2,0 days 00:20:00
2025-03-25 06:10:45,3,0 days 00:40:00
2025-03-25 06:50:45,4,0 days 00:30:00
2025-03-25 07:20:45,3,0 days 00:10:00
2025-03-25 07:30:45,2,0 days 00:10:00
2025-03-25 07:40:45,1,0 days 00:20:00
2025-03-25 08:00:45,2,0 days 00:10:00
2025-03-25 08:10:45,3,0 days 00:20:00
2025-03-25 08:30:45,4,0 days 02:00:00
2025-03-25 10:30:45,3,0 days 00:10:00
2025-03-25 10:40:45,2,0 days 00:10:00
2025-03-25 10:50:45,1,0 days 00:10:00
2025-03-25 11:00:45,2,0 days 00:10:00
2025-03-25 11:10:45,3,0 days 00:20:00
2025-03-25 11:30:45,4,0 days 00:20:00
2025-03-25 11:50:45,3,0 days 00:50:00
2025-03-25 12:40:45,2,0 days 00:20:00
2025-03-25 13:00:45,4,0 days 21:10:00
2025-03-26 10:10:45,3,0 days 00:40:00
2025-03-26 10:50:45,2,0 days 00:20:00
2025-03-26 11:10:45,3,0 days 00:30:00
2025-03-26 11:40:45,4,0 days 00:30:00
2025-03-26 12:10:45,3,0 days 00:50:00
2025-03-26 13:00:45,4,0 days 01:10:00
2025-03-26 14:10:45,3,0 days 00:20:00
2025-03-26 14:30:45,2,0 days 00:40:00
2025-03-26 15:10:45,3,0 days 00:10:00
2025-03-26 15:20:45,4,0 days 01:40:00
2025-03-26 17:00:45,3,0 days 00:20:00
2025-03-26 17:20:45,2,0 days 00:30:00
2025-03-26 17:50:45,1,0 days 00:10:00
2025-03-26 18:00:45,3,0 days 00:10:00
2025-03-26 18:10:45,4,0 days 00:40:00
2025-03-26 18:50:45,3,0 days 00:20:00
2025-03-26 19:10:45,4,0 days 00:50:00
2025-03-26 20:00:45,3,0 days 00:10:00
2025-03-26 20:10:45,2,0 days 00:40:00
2025-03-26 20:50:45,1,0 days 00:10:00
2025-03-26 21:00:45,3,0 days 00:30:00
2025-03-26 21:30:45,4,0 days 00:40:00
2025-03-26 22:10:45,3,0 days 00:50:00
2025-03-26 23:00:45,2,0 days 00:20:00
2025-03-26 23:20:45,3,0 days 00:20:00
2025-03-26 23:40:45,2,0 days 00:10:00
2025-03-26 23:50:45,3,0 days 00:10:00
2025-03-27 00:00:45,4,0 days 01:30:00
2025-03-27 01:30:45,3,0 days 00:20:00
2025-03-27 01:50:45,4,0 days 00:20:00
2025-03-27 02:10:45,3,0 days 00:10:00
2025-03-27 02:20:45,1,0 days 00:10:00
2025-03-27 02:30:45,3,0 days 00:20:00
2025-03-27 02:50:45,2,0 days 00:20:00
2025-03-27 03:10:45,3,0 days 01:20:00
2025-03-27 04:30:45,4,0 days 00:20:00
2025-03-27 04:50:45,3,0 days 00:20:00
2025-03-27 05:10:45,2,0 days 00:10:00
2025-03-27 05:20:45,1,0 days 00:20:00
2025-03-27 05:40:45,2,0 days 00:10:00
2025-03-27 05:50:45,3,0 days 00:10:00
2025-03-27 06:00:45,4,0 days 01:00:00
2025-03-27 07:00:45,3,0 days 00:10:00
2025-03-27 07:10:45,2,0 days 01:00:00
2025-03-27 08:10:45,4,0 days 00:50:00
2025-03-27 09:00:45,3,5 days 01:50:00
2025-04-01 10:50:45,2,0 days 00:20:00
2025-04-01 11:10:45,3,0 days 00:40:00
2025-04-01 11:50:45,4,0 days 00:40:00
2025-04-01 12:30:45,2,0 days 01:10:00
2025-04-01 13:40:45,3,0 days 00:10:00
2025-04-01 13:50:45,4,0 days 00:10:00
2025-04-01 14:00:45,2,0 days 00:30:00
2025-04-01 14:30:45,3,0 days 00:20:00
2025-04-01 14:50:45,4,0 days 00:50:00
2025-04-01 15:40:45,2,0 days 00:40:00
2025-04-01 16:20:45,3,0 days 00:30:00
2025-04-01 16:50:45,4,0 days 00:40:00
2025-04-01 17:30:45,3,0 days 00:40:00
2025-04-01 18:10:45,4,0 days 00:20:00
2025-04-01 18:30:45,3,0 days 00:20:00
2025-04-01 18:50:45,4,0 days 02:00:00
2025-04-01 20:50:45,3,0 days 00:10:00
2025-04-01 21:00:45,4,0 days 00:20:00
2025-04-01 21:20:45,3,0 days 00:20:00
2025-04-01 21:40:45,2,0 days 00:20:00
2025-04-01 22:00:45,3,0 days 00:10:00
2025-04-01 22:10:45,2,0 days 00:10:00
2025-04-01 22:20:45,3,0 days 00:20:00
2025-04-01 22:40:45,4,0 days 00:10:00
2025-04-01 22:50:45,3,0 days 00:30:00
2025-04-01 23:20:45,4,0 days 00:40:00
2025-04-02 00:00:45,2,0 days 00:10:00
2025-04-02 00:10:45,3,0 days 00:20:00
2025-04-02 00:30:45,4,0 days 00:20:00
2025-04-02 00:50:45,3,0 days 00:30:00
2025-04-02 01:20:45,4,0 days 00:40:00
2025-04-02 02:00:45,3,0 days 00:10:00
2025-04-02 02:10:45,4,0 days 00:20:00
2025-04-02 02:30:45,3,0 days 00:20:00
2025-04-02 02:50:45,4,0 days 00:40:00
2025-04-02 03:30:45,3,0 days 00:10:00
2025-04-02 03:40:45,2,0 days 00:20:00
2025-04-02 04:00:45,3,0 days 01:00:00
2025-04-02 05:00:45,4,0 days 00:30:00
2025-04-02 05:30:45,3,0 days 00:10:00
2025-04-02 05:40:45,2,0 days 00:20:00
2025-04-02 06:00:45,4,0 days 00:10:00
2025-04-02 06:10:45,3,0 days 00:50:00
2025-04-02 07:00:45,1,0 days 00:10:00
2025-04-02 07:10:45,2,0 days 00:20:00
2025-04-02 07:30:45,3,0 days 00:30:00
2025-04-02 08:00:45,4,0 days 01:00:00
2025-04-02 09:00:45,3,0 days 00:20:00
2025-04-02 09:20:45,2,0 days 00:10:00
2025-04-02 09:30:45,3,0 days 00:30:00
2025-04-02 10:00:45,2,0 days 00:20:00
2025-04-02 10:20:45,3,0 days 00:30:00
2025-04-02 10:50:45,4,0 days 00:50:00
2025-04-02 11:40:45,2,0 days 00:40:00
2025-04-02 12:20:45,1,0 days 00:10:00
2025-04-02 12:30:45,3,0 days 00:30:00
2025-04-02 13:00:45,4,0 days 01:20:00
2025-04-02 14:20:45,3,0 days 00:10:00
2025-04-02 14:30:45,1,0 days 00:10:00
2025-04-02 14:40:45,2,0 days 00:40:00
2025-04-02 15:20:45,4,0 days 01:40:00
2025-04-02 17:00:45,2,0 days 00:40:00
2025-04-02 17:40:45,1,0 days 00:10:00
2025-04-02 17:50:45,2,0 days 00:10:00
2025-04-02 18:00:45,3,0 days 00:30:00
2025-04-02 18:30:45,4,0 days 00:40:00
2025-04-02 19:10:45,3,0 days 00:10:00
2025-04-02 19:20:45,2,0 days 00:40:00
2025-04-02 20:00:45,3,0 days 00:40:00
2025-04-02 20:40:45,4,0 days 00:20:00
2025-04-02 21:00:45,3,0 days 00:50:00
2025-04-02 21:50:45,4,0 days 00:10:00
2025-04-02 22:00:45,3,0 days 00:20:00
2025-04-02 22:20:45,2,0 days 01:10:00
2025-04-02 23:30:45,4,0 days 00:30:00
2025-04-03 00:00:45,3,0 days 00:30:00
2025-04-03 00:30:45,2,0 days 00:10:00
2025-04-03 00:40:45,3,0 days 00:40:00
2025-04-03 01:20:45,2,0 days 00:10:00
2025-04-03 01:30:45,3,0 days 00:20:00
2025-04-03 01:50:45,4,0 days 01:00:00
2025-04-03 02:50:45,3,0 days 00:20:00
2025-04-03 03:10:45,4,0 days 00:10:00
2025-04-03 03:20:45,3,0 days 00:10:00
2025-04-03 03:30:45,2,0 days 00:10:00
2025-04-03 03:40:45,3,0 days 01:30:00
2025-04-03 05:10:45,4,0 days 00:20:00
2025-04-03 05:30:45,3,0 days 00:10:00
2025-04-03 05:40:45,4,0 days 01:00:00
2025-04-03 06:40:45,3,0 days 00:30:00
2025-04-03 07:10:45,4,0 days 00:10:00
2025-04-03 07:20:45,3,0 days 01:00:00
2025-04-03 08:20:45,2,0 days 00:10:00
2025-04-03 08:30:45,3,0 days 02:00:00
2025-04-03 10:30:45,4,0 days 00:30:00
2025-04-03 11:00:45,3,0 days 00:20:00
2025-04-03 11:20:45,2,0 days 00:10:00
2025-04-03 11:30:45,1,0 days 00:10:00
2025-04-03 11:40:45,2,0 days 00:20:00
2025-04-03 12:00:45,3,0 days 00:10:00
2025-04-03 12:10:45,4,0 days 01:20:00
2025-04-03 13:30:45,3,0 days 00:20:00
2025-04-03 13:50:45,4,0 days 00:30:00
2025-04-03 14:20:45,3,0 days 00:20:00
2025-04-03 14:40:45,2,0 days 00:40:00
2025-04-03 15:20:45,3,0 days 01:10:00
2025-04-03 16:30:45,4,0 days 00:20:00
2025-04-03 16:50:45,3,0 days 00:20:00
2025-04-03 17:10:45,4,0 days 00:30:00
2025-04-03 17:40:45,3,0 days 00:30:00
2025-04-03 18:10:45,4,0 days 00:50:00
2025-04-03 19:00:45,3,0 days 00:10:00
2025-04-03 19:10:45,2,0 days 00:10:00
2025-04-03 19:20:45,3,0 days 00:10:00
2025-04-03 19:30:45,4,0 days 00:30:00
2025-04-03 20:00:45,3,0 days 00:10:00
2025-04-03 20:10:45,2,0 days 00:10:00
2025-04-03 20:20:45,1,0 days 00:20:00
2025-04-03 20:40:45,2,0 days 00:30:00
2025-04-03 21:10:45,3,0 days 00:50:00
2025-04-03 22:00:45,4,0 days 00:30:00
2025-04-03 22:30:45,2,0 days 00:20:00
2025-04-03 22:50:45,4,0 days 00:30:00
2025-04-03 23:20:45,3,0 days 00:20:00
2025-04-03 23:40:45,2,0 days 00:10:00
2025-04-03 23:50:45,3,0 days 00:10:00
2025-04-04 00:00:45,4,0 days 01:10:00
2025-04-04 01:10:45,3,0 days 00:50:00
2025-04-04 02:00:45,4,0 days 00:30:00
2025-04-04 02:30:45,2,0 days 00:10:00
2025-04-04 02:40:45,3,0 days 00:20:00
2025-04-04 03:00:45,1,0 days 00:20:00
2025-04-04 03:20:45,3,0 days 00:40:00
2025-04-04 04:00:45,2,0 days 00:10:00
2025-04-04 04:10:45,4,0 days 00:20:00
2025-04-04 04:30:45,3,0 days 00:20:00
2025-04-04 04:50:45,2,0 days 00:40:00
2025-04-04 05:30:45,4,0 days 00:40:00
2025-04-04 06:10:45,2,0 days 00:30:00
2025-04-04 06:40:45,3,0 days 00:30:00
2025-04-04 07:10:45,4,0 days 00:50:00
2025-04-04 08:00:45,3,0 days 00:30:00
2025-04-04 08:30:45,4,0 days 00:20:00
2025-04-04 08:50:45,3,0 days 01:30:00
2025-04-04 10:20:45,4,0 days 00:10:00
2025-04-04 10:30:45,3,0 days 00:10:00
2025-04-04 10:40:45,2,0 days 00:20:00
2025-04-04 11:00:45,1,0 days 00:10:00
2025-04-04 11:10:45,2,0 days 00:30:00
2025-04-04 11:40:45,3,0 days 00:10:00
2025-04-04 11:50:45,4,0 days 00:40:00
2025-04-04 12:30:45,3,0 days 00:30:00
2025-04-04 13:00:45,2,0 days 00:10:00
2025-04-04 13:10:45,3,0 days 00:40:00
2025-04-04 13:50:45,4,0 days 00:20:00
2025-04-04 14:10:45,2,0 days 00:30:00
2025-04-04 14:40:45,3,0 days 00:50:00
2025-04-04 15:30:45,4,0 days 01:00:00
2025-04-04 16:30:45,3,0 days 00:20:00
2025-04-04 16:50:45,2,0 days 00:20:00
2025-04-04 17:10:45,3,0 days 00:30:00
2025-04-04 17:40:45,4,0 days 00:40:00
2025-04-04 18:20:45,2,0 days 00:50:00
2025-04-04 19:10:45,3,0 days 00:10:00
2025-04-04 19:20:45,4,0 days 00:10:00
2025-04-04 19:30:45,3,0 days 00:30:00
2025-04-04 20:00:45,4,0 days 00:30:00
2025-04-04 20:30:45,3,0 days 00:30:00
2025-04-04 21:00:45,4,0 days 01:00:00
2025-04-04 22:00:45,3,0 days 00:10:00
2025-04-04 22:10:45,2,0 days 00:30:00
2025-04-04 22:40:45,3,0 days 00:20:00
2025-04-04 23:00:45,4,0 days 00:50:00
2025-04-04 23:50:45,3,0 days 00:10:00
2025-04-05 00:00:45,4,0 days 00:30:00
2025-04-05 00:30:45,3,0 days 00:20:00
2025-04-05 00:50:45,2,0 days 00:40:00
2025-04-05 01:30:45,3,0 days 00:40:00
2025-04-05 02:10:45,4,0 days 00:20:00
2025-04-05 02:30:45,3,0 days 00:10:00
2025-04-05 02:40:45,4,0 days 00:30:00
2025-04-05 03:10:45,3,0 days 00:50:00
2025-04-05 04:00:45,4,0 days 00:10:00
2025-04-05 04:10:45,3,0 days 00:30:00
2025-04-05 04:40:45,2,0 days 00:10:00
2025-04-05 04:50:45,1,0 days 00:10:00
2025-04-05 05:00:45,2,0 days 00:10:00
2025-04-05 05:10:45,3,0 days 00:10:00
2025-04-05 05:20:45,4,0 days 01:20:00
2025-04-05 06:40:45,3,0 days 00:10:00
2025-04-05 06:50:45,2,0 days 00:50:00
2025-04-05 07:40:45,4,0 days 00:50:00
2025-04-05 08:30:45,3,0 days 00:40:00
2025-04-05 09:10:45,2,0 days 00:20:00
2025-04-05 09:30:45,3,0 days 00:10:00
2025-04-05 09:40:45,4,0 days 00:20:00
2025-04-05 10:00:45,3,0 days 00:20:00
2025-04-05 10:20:45,4,0 days 01:00:00
2025-04-05 11:20:45,3,0 days 00:40:00
2025-04-05 12:00:45,2,0 days 00:30:00
2025-04-05 12:30:45,3,0 days 00:10:00
2025-04-05 12:40:45,4,0 days 01:40:00
2025-04-05 14:20:45,3,0 days 00:20:00
2025-04-05 14:40:45,2,0 days 00:20:00
2025-04-05 15:00:45,3,0 days 00:20:00
2025-04-05 15:20:45,2,0 days 00:10:00
2025-04-05 15:30:45,3,0 days 00:10:00
2025-04-05 15:40:45,4,0 days 01:00:00
2025-04-05 16:40:45,3,0 days 00:20:00
2025-04-05 17:00:45,1,0 days 00:30:00
2025-04-05 17:30:45,3,0 days 00:10:00
2025-04-05 17:40:45,4,0 days 01:10:00
2025-04-05 18:50:45,3,0 days 00:20:00
2025-04-05 19:10:45,1,0 days 00:10:00
2025-04-05 19:20:45,3,0 days 00:30:00
2025-04-05 19:50:45,4,0 days 00:40:00
2025-04-05 20:30:45,3,0 days 00:10:00
2025-04-05 20:40:45,4,0 days 00:50:00
2025-04-05 21:30:45,2,0 days 00:40:00
2025-04-05 22:10:45,3,0 days 00:10:00
2025-04-05 22:20:45,4,0 days 01:20:00
2025-04-05 23:40:45,3,0 days 00:30:00
2025-04-06 00:10:45,2,0 days 00:30:00
2025-04-06 00:40:45,3,0 days 00:30:00
2025-04-06 01:10:45,4,0 days 00:40:00
2025-04-06 01:50:45,3,0 days 00:20:00
2025-04-06 02:10:45,4,0 days 00:30:00
2025-04-06 02:40:45,3,0 days 00:10:00
2025-04-06 02:50:45,1,0 days 00:10:00
2025-04-06 03:00:45,2,0 days 00:40:00
2025-04-06 03:40:45,4,0 days 00:30:00
2025-04-06 04:10:45,3,0 days 00:20:00
2025-04-06 04:30:45,4,0 days 00:30:00
2025-04-06 05:00:45,3,0 days 00:20:00
2025-04-06 05:20:45,4,0 days 00:10:00
2025-04-06 05:30:45,3,0 days 00:10:00
2025-04-06 05:40:45,2,0 days 00:10:00
2025-04-06 05:50:45,3,0 days 00:40:00
2025-04-06 06:30:45,4,0 days 00:50:00
2025-04-06 07:20:45,3,0 days 00:20:00
2025-04-06 07:40:45,2,0 days 00:10:00
2025-04-06 07:50:45,3,0 days 00:10:00
2025-04-06 08:00:45,4,0 days 00:10:00
2025-04-06 08:10:45,3,0 days 00:20:00
2025-04-06 08:30:45,4,0 days 00:40:00
2025-04-06 09:10:45,3,0 days 00:20:00
2025-04-06 09:30:45,4,0 days 00:30:00
2025-04-06 10:00:45,3,0 days 01:00:00
2025-04-06 11:00:45,2,0 days 00:30:00
2025-04-06 11:30:45,3,0 days 00:10:00
2025-04-06 11:40:45,4,0 days 00:10:00
2025-04-06 11:50:45,3,0 days 00:40:00
2025-04-06 12:30:45,4,0 days 00:50:00
2025-04-06 13:20:45,3,0 days 00:10:00
2025-04-06 13:30:45,2,0 days 00:30:00
2025-04-06 14:00:45,3,0 days 00:20:00
2025-04-06 14:20:45,4,0 days 01:30:00
2025-04-06 15:50:45,3,0 days 00:10:00
2025-04-06 16:00:45,2,0 days 00:10:00
2025-04-06 16:10:45,1,0 days 00:20:00
2025-04-06 16:30:45,2,0 days 00:10:00
2025-04-06 16:40:45,4,0 days 00:50:00
2025-04-06 17:30:45,3,0 days 00:30:00
2025-04-06 18:00:45,2,0 days 00:20:00
2025-04-06 18:20:45,4,0 days 01:10:00
2025-04-06 19:30:45,3,0 days 00:30:00
2025-04-06 20:00:45,4,0 days 00:10:00
2025-04-06 20:10:45,2,0 days 00:20:00
2025-04-06 20:30:45,3,0 days 00:30:00
2025-04-06 21:00:45,4,0 days 00:10:00
2025-04-06 21:10:45,3,0 days 00:10:00
2025-04-06 21:20:45,2,0 days 00:20:00
2025-04-06 21:40:45,3,0 days 00:30:00
2025-04-06 22:10:45,4,0 days 01:00:00
2025-04-06 23:10:45,3,0 days 00:30:00
2025-04-06 23:40:45,2,0 days 00:10:00
2025-04-06 23:50:45,1,0 days 00:20:00
2025-04-07 00:10:45,2,0 days 00:30:00
2025-04-07 00:40:45,3,0 days 00:20:00
2025-04-07 01:00:45,4,0 days 00:30:00
2025-04-07 01:30:45,3,0 days 00:30:00
2025-04-07 02:00:45,4,0 days 00:40:00
2025-04-07 02:40:45,3,0 days 00:30:00
2025-04-07 03:10:45,2,0 days 00:10:00
2025-04-07 03:20:45,3,0 days 00:10:00
2025-04-07 03:30:45,4,0 days 00:10:00
2025-04-07 03:40:45,3,0 days 00:40:00
2025-04-07 04:20:45,2,0 days 00:20:00
2025-04-07 04:40:45,4,0 days 00:30:00
2025-04-07 05:10:45,3,0 days 00:10:00
2025-04-07 05:20:45,4,0 days 00:30:00
2025-04-07 05:50:45,3,0 days 01:00:00
2025-04-07 06:50:45,4,0 days 00:10:00
2025-04-07 07:00:45,3,0 days 00:20:00
2025-04-07 07:20:45,2,0 days 00:10:00
2025-04-07 07:30:45,4,0 days 00:40:00
2025-04-07 08:10:45,3,0 days 00:20:00
2025-04-07 08:30:45,4,0 days 00:50:00
2025-04-07 09:20:45,3,0 days 01:40:00
2025-04-07 11:00:45,2,0 days 00:20:00
2025-04-07 11:20:45,4,0 days 00:10:00
2025-04-07 11:30:45,3,0 days 00:40:00
2025-04-07 12:10:45,4,0 days 00:50:00
2025-04-07 13:00:45,3,0 days 00:10:00
2025-04-07 13:10:45,2,0 days 00:10:00
2025-04-07 13:20:45,3,0 days 00:50:00
2025-04-07 14:10:45,2,0 days 00:10:00
2025-04-07 14:20:45,3,0 days 00:40:00
2025-04-07 15:00:45,4,0 days 00:20:00
2025-04-07 15:20:45,2,0 days 00:20:00
2025-04-07 15:40:45,4,0 days 01:20:00
2025-04-07 17:00:45,3,0 days 00:20:00
2025-04-07 17:20:45,4,0 days 00:20:00
2025-04-07 17:40:45,2,0 days 00:10:00
2025-04-07 17:50:45,3,0 days 00:10:00
2025-04-07 18:00:45,2,0 days 00:10:00
2025-04-07 18:10:45,3,0 days 00:30:00
2025-04-07 18:40:45,2,0 days 00:10:00
2025-04-07 18:50:45,3,0 days 00:30:00
2025-04-07 19:20:45,4,0 days 00:40:00
2025-04-07 20:00:45,2,0 days 00:20:00
2025-04-07 20:20:45,4,0 days 00:50:00
2025-04-07 21:10:45,3,0 days 01:00:00
2025-04-07 22:10:45,4,0 days 00:40:00
2025-04-07 22:50:45,3,0 days 00:10:00
2025-04-07 23:00:45,2,0 days 00:20:00
2025-04-07 23:20:45,3,0 days 00:10:00
2025-04-07 23:30:45,4,0 days 00:30:00
2025-04-08 00:00:45,3,0 days 00:30:00
2025-04-08 00:30:45,4,0 days 00:50:00
2025-04-08 01:20:45,3,0 days 00:40:00
2025-04-08 02:00:45,2,0 days 00:10:00
2025-04-08 02:10:45,3,0 days 00:10:00
2025-04-08 02:20:45,2,0 days 00:20:00
2025-04-08 02:40:45,3,0 days 00:30:00
2025-04-08 03:10:45,4,0 days 00:30:00
2025-04-08 03:40:45,3,0 days 00:50:00
2025-04-08 04:30:45,4,0 days 00:20:00
2025-04-08 04:50:45,3,0 days 00:10:00
2025-04-08 05:00:45,2,0 days 00:10:00
2025-04-08 05:10:45,1,0 days 00:10:00
2025-04-08 05:20:45,2,0 days 00:10:00
2025-04-08 05:30:45,3,0 days 00:10:00
2025-04-08 05:40:45,4,0 days 00:30:00
2025-04-08 06:10:45,3,0 days 00:40:00
2025-04-08 06:50:45,2,0 days 00:10:00
2025-04-08 07:00:45,3,0 days 00:40:00
2025-04-08 07:40:45,2,0 days 00:10:00
2025-04-08 07:50:45,3,0 days 00:30:00
2025-04-08 08:20:45,2,0 days 00:10:00
2025-04-08 08:30:45,3,0 days 00:50:00
2025-04-08 09:20:45,4,0 days 00:30:00
2025-04-08 09:50:45,3,0 days 00:10:00
2025-04-08 10:00:45,2,0 days 00:20:00
2025-04-08 10:20:45,3,0 days 00:10:00
2025-04-08 10:30:45,4,0 days 00:30:00
2025-04-08 11:00:45,3,0 days 00:10:00
2025-04-08 11:10:45,2,0 days 00:10:00
2025-04-08 11:20:45,3,0 days 00:10:00
2025-04-08 11:30:45,4,0 days 00:30:00
2025-04-08 12:00:45,3,0 days 01:00:00
2025-04-08 13:00:45,4,0 days 01:00:00
2025-04-08 14:00:45,3,0 days 00:20:00
2025-04-08 14:20:45,4,0 days 00:10:00
2025-04-08 14:30:45,3,0 days 00:20:00
2025-04-08 14:50:45,4,0 days 20:10:00
2025-04-09 11:00:45,2,0 days 00:40:00
2025-04-09 11:40:45,3,0 days 00:10:00
2025-04-09 11:50:45,2,0 days 00:30:00
2025-04-09 12:20:45,3,0 days 00:10:00
2025-04-09 12:30:45,4,0 days 00:10:00
2025-04-09 12:40:45,3,0 days 00:20:00
2025-04-09 13:00:45,2,0 days 00:30:00
2025-04-09 13:30:45,1,0 days 00:10:00
2025-04-09 13:40:45,2,0 days 00:20:00
2025-04-09 14:00:45,3,0 days 00:10:00
2025-04-09 14:10:45,4,0 days 00:20:00
2025-04-09 14:30:45,2,0 days 00:40:00
2025-04-09 15:10:45,3,0 days 00:10:00
2025-04-09 15:20:45,4,0 days 01:00:00
2025-04-09 16:20:45,2,0 days 21:20:00
2025-04-10 13:40:45,3,0 days 00:10:00
2025-04-10 13:50:45,2,0 days 00:10:00
2025-04-10 14:00:45,3,0 days 00:10:00
2025-04-10 14:10:45,4,0 days 00:20:00
2025-04-10 14:30:45,3,0 days 00:40:00
2025-04-10 15:10:45,2,0 days 00:20:00
2025-04-10 15:30:45,3,0 days 00:50:00
2025-04-10 16:20:45,4,0 days 00:50:00
2025-04-10 17:10:45,3,0 days 00:50:00
2025-04-10 18:00:45,2,0 days 01:00:00
2025-04-10 19:00:45,3,0 days 00:10:00
2025-04-10 19:10:45,4,0 days 01:30:00
2025-04-10 20:40:45,3,0 days 00:10:00
2025-04-10 20:50:45,2,0 days 00:20:00
2025-04-10 21:10:45,3,0 days 00:20:00
2025-04-10 21:30:45,4,0 days 01:00:00
2025-04-10 22:30:45,3,0 days 00:20:00
2025-04-10 22:50:45,2,0 days 00:20:00
2025-04-10 23:10:45,3,0 days 01:20:00
2025-04-11 00:30:45,2,0 days 00:30:00
2025-04-11 01:00:45,4,0 days 00:20:00
2025-04-11 01:20:45,3,0 days 00:20:00
2025-04-11 01:40:45,2,0 days 00:20:00
2025-04-11 02:00:45,3,0 days 00:20:00
2025-04-11 02:20:45,2,0 days 00:10:00
2025-04-11 02:30:45,3,0 days 00:20:00
2025-04-11 02:50:45,4,0 days 00:40:00
2025-04-11 03:30:45,3,0 days 01:30:00
2025-04-11 05:00:45,2,0 days 00:40:00
2025-04-11 05:40:45,3,0 days 00:20:00
2025-04-11 06:00:45,4,0 days 00:50:00
2025-04-11 06:50:45,3,0 days 00:10:00
2025-04-11 07:00:45,2,0 days 00:20:00
2025-04-11 07:20:45,3,0 days 00:20:00
2025-04-11 07:40:45,2,0 days 00:30:00
2025-04-11 08:10:45,3,0 days 00:40:00
2025-04-11 08:50:45,4,0 days 00:30:00
2025-04-11 09:20:45,3,0 days 00:10:00
2025-04-11 09:30:45,4,0 days 00:40:00
2025-04-11 10:10:45,3,0 days 00:10:00
2025-04-11 10:20:45,2,0 days 00:10:00
2025-04-11 10:30:45,1,0 days 00:20:00
2025-04-11 10:50:45,2,0 days 00:10:00
2025-04-11 11:00:45,3,0 days 00:30:00
2025-04-11 11:30:45,4,0 days 00:40:00
2025-04-11 12:10:45,2,0 days 00:30:00
2025-04-11 12:40:45,4,0 days 01:30:00
2025-04-11 14:10:45,2,0 days 00:50:00
2025-04-11 15:00:45,3,0 days 01:10:00
2025-04-11 16:10:45,4,0 days 00:40:00
2025-04-11 16:50:45,3,0 days 00:10:00
2025-04-11 17:00:45,2,0 days 00:40:00
2025-04-11 17:40:45,4,0 days 00:50:00
2025-04-11 18:30:45,2,0 days 00:10:00
2025-04-11 18:40:45,3,0 days 00:20:00
2025-04-11 19:00:45,4,0 days 00:50:00
2025-04-11 19:50:45,3,0 days 00:20:00
2025-04-11 20:10:45,2,0 days 00:10:00
2025-04-11 20:20:45,1,0 days 00:10:00
2025-04-11 20:30:45,2,0 days 00:10:00
2025-04-11 20:40:45,3,0 days 00:20:00
2025-04-11 21:00:45,4,0 days 00:30:00
2025-04-11 21:30:45,3,0 days 01:20:00
2025-04-11 22:50:45,4,0 days 00:30:00
2025-04-11 23:20:45,3,0 days 00:30:00
2025-04-11 23:50:45,4,0 days 00:40:00
2025-04-12 00:30:45,3,0 days 00:10:00
2025-04-12 00:40:45,2,0 days 00:40:00
2025-04-12 01:20:45,3,0 days 00:10:00
2025-04-12 01:30:45,4,0 days 00:30:00
2025-04-12 02:00:45,3,0 days 00:20:00
2025-04-12 02:20:45,4,0 days 00:20:00
2025-04-12 02:40:45,3,0 days 00:30:00
2025-04-12 03:10:45,2,0 days 00:30:00
2025-04-12 03:40:45,4,0 days 00:10:00
2025-04-12 03:50:45,3,0 days 00:20:00
2025-04-12 04:10:45,4,0 days 00:30:00
2025-04-12 04:40:45,3,0 days 00:10:00
2025-04-12 04:50:45,4,0 days 00:10:00
2025-04-12 05:00:45,3,0 days 00:10:00
2025-04-12 05:10:45,2,0 days 00:30:00
2025-04-12 05:40:45,3,0 days 00:10:00
2025-04-12 05:50:45,4,0 days 00:40:00
2025-04-12 06:30:45,3,0 days 00:10:00
2025-04-12 06:40:45,2,0 days 00:10:00
2025-04-12 06:50:45,3,0 days 00:10:00
2025-04-12 07:00:45,4,0 days 00:40:00
2025-04-12 07:40:45,3,0 days 00:20:00
2025-04-12 08:00:45,2,0 days 00:30:00
2025-04-12 08:30:45,3,0 days 00:10:00
2025-04-12 08:40:45,4,0 days 00:20:00
2025-04-12 09:00:45,3,0 days 00:10:00
2025-04-12 09:10:45,4,0 days 00:10:00
2025-04-12 09:20:45,2,0 days 00:10:00
2025-04-12 09:30:45,3,0 days 00:20:00
2025-04-12 09:50:45,4,0 days 01:10:00
2025-04-12 11:00:45,2,0 days 00:20:00
2025-04-12 11:20:45,3,0 days 00:20:00
2025-04-12 11:40:45,2,0 days 00:20:00
2025-04-12 12:00:45,3,0 days 00:20:00
2025-04-12 12:20:45,4,0 days 00:10:00
2025-04-12 12:30:45,3,0 days 01:50:00
2025-04-12 14:20:45,4,0 days 00:20:00
2025-04-12 14:40:45,3,0 days 01:00:00
2025-04-12 15:40:45,4,0 days 00:30:00
2025-04-12 16:10:45,3,0 days 00:20:00
2025-04-12 16:30:45,2,0 days 00:40:00
2025-04-12 17:10:45,4,0 days 00:50:00
2025-04-12 18:00:45,3,0 days 00:20:00
2025-04-12 18:20:45,4,0 days 00:20:00
2025-04-12 18:40:45,3,0 days 00:10:00
2025-04-12 18:50:45,2,0 days 00:10:00
2025-04-12 19:00:45,1,0 days 00:40:00
2025-04-12 19:40:45,2,0 days 00:10:00
2025-04-12 19:50:45,4,0 days 00:50:00
2025-04-12 20:40:45,3,0 days 00:20:00
2025-04-12 21:00:45,2,0 days 00:20:00
2025-04-12 21:20:45,3,0 days 00:10:00
2025-04-12 21:30:45,4,0 days 00:20:00
2025-04-12 21:50:45,2,0 days 00:30:00
2025-04-12 22:20:45,3,0 days 00:20:00
2025-04-12 22:40:45,4,0 days 00:40:00
2025-04-12 23:20:45,3,0 days 00:30:00
2025-04-12 23:50:45,4,0 days 00:40:00
2025-04-13 00:30:45,3,0 days 00:20:00
2025-04-13 00:50:45,4,0 days 00:10:00
2025-04-13 01:00:45,3,0 days 00:10:00
2025-04-13 01:10:45,2,0 days 00:30:00
2025-04-13 01:40:45,3,0 days 00:20:00
2025-04-13 02:00:45,2,0 days 00:10:00
2025-04-13 02:10:45,4,0 days 01:30:00
2025-04-13 03:40:45,3,0 days 00:10:00
2025-04-13 03:50:45,2,0 days 00:30:00
2025-04-13 04:20:45,1,0 days 00:20:00
2025-04-13 04:40:45,3,0 days 00:10:00
2025-04-13 04:50:45,4,0 days 00:20:00
2025-04-13 05:10:45,3,0 days 00:50:00
2025-04-13 06:00:45,2,0 days 00:10:00
2025-04-13 06:10:45,3,0 days 01:20:00
2025-04-13 07:30:45,4,0 days 00:40:00
2025-04-13 08:10:45,3,0 days 01:50:00
2025-04-13 10:00:45,2,0 days 00:30:00
2025-04-13 10:30:45,3,0 days 00:10:00
2025-04-13 10:40:45,4,0 days 00:10:00
2025-04-13 10:50:45,3,0 days 00:20:00
2025-04-13 11:10:45,4,0 days 01:10:00
2025-04-13 12:20:45,3,0 days 00:10:00
2025-04-13 12:30:45,4,0 days 00:20:00
2025-04-13 12:50:45,3,0 days 00:50:00
2025-04-13 13:40:45,2,0 days 00:20:00
2025-04-13 14:00:45,3,0 days 00:10:00
2025-04-13 14:10:45,4,0 days 00:40:00
2025-04-13 14:50:45,3,0 days 00:20:00
2025-04-13 15:10:45,4,0 days 00:10:00
2025-04-13 15:20:45,3,0 days 00:20:00
2025-04-13 15:40:45,2,0 days 01:10:00
2025-04-13 16:50:45,3,0 days 00:40:00
2025-04-13 17:30:45,4,0 days 00:30:00
2025-04-13 18:00:45,3,0 days 00:30:00
2025-04-13 18:30:45,4,0 days 00:10:00
2025-04-13 18:40:45,2,0 days 00:30:00
2025-04-13 19:10:45,3,0 days 00:30:00
2025-04-13 19:40:45,4,0 days 00:10:00
2025-04-13 19:50:45,3,0 days 00:20:00
2025-04-13 20:10:45,4,0 days 00:20:00
2025-04-13 20:30:45,3,0 days 00:10:00
2025-04-13 20:40:45,2,0 days 00:20:00
2025-04-13 21:00:45,3,0 days 00:10:00
2025-04-13 21:10:45,4,0 days 00:40:00
2025-04-13 21:50:45,3,0 days 00:50:00
2025-04-13 22:40:45,2,0 days 00:10:00
2025-04-13 22:50:45,4,0 days 00:10:00
2025-04-13 23:00:45,3,0 days 00:50:00
2025-04-13 23:50:45,2,0 days 00:40:00
2025-04-14 00:30:45,3,0 days 00:10:00
2025-04-14 00:40:45,4,0 days 00:10:00
2025-04-14 00:50:45,3,0 days 00:20:00
2025-04-14 01:10:45,4,0 days 01:40:00
2025-04-14 02:50:45,3,0 days 00:20:00
2025-04-14 03:10:45,1,0 days 00:30:00
2025-04-14 03:40:45,3,0 days 00:30:00
2025-04-14 04:10:45,4,0 days 00:10:00
2025-04-14 04:20:45,2,0 days 00:30:00
2025-04-14 04:50:45,3,0 days 00:10:00
2025-04-14 05:00:45,4,0 days 01:10:00
2025-04-14 06:10:45,3,0 days 00:10:00
2025-04-14 06:20:45,2,0 days 00:40:00
2025-04-14 07:00:45,3,0 days 00:10:00
2025-04-14 07:10:45,4,0 days 00:10:00
2025-04-14 07:20:45,3,0 days 00:10:00
2025-04-14 07:30:45,2,0 days 00:10:00
2025-04-14 07:40:45,3,0 days 00:30:00
2025-04-14 08:10:45,4,0 days 00:50:00
2025-04-14 09:00:45,3,0 days 00:30:00
2025-04-14 09:30:45,2,0 days 00:50:00
2025-04-14 10:20:45,3,0 days 00:10:00
2025-04-14 10:30:45,4,0 days 00:20:00
2025-04-14 10:50:45,3,0 days 00:10:00
2025-04-14 11:00:45,4,0 days 00:00:00
