time,supi,location_type,duration,time_of_day,NrCellId
2025-02-21 12:13:17,208930000000004,work,8616,lunch,000000040
2025-02-21 12:16:33,208930000000002,work,6891,lunch,000000060
2025-02-21 12:38:51,208930000000001,leisure2,7528,lunch,000000060
2025-02-21 12:40:17,208930000000003,restaurant1,2706,lunch,000000030
2025-02-21 14:01:38,208930000000001,restaurant1,3798,afternoon,000000060
2025-02-21 15:08:51,208930000000003,work,6698,afternoon,000000060
2025-02-21 15:14:34,208930000000004,leisure2,7572,afternoon,000000050
2025-02-21 15:52:54,208930000000001,leisure1,7265,afternoon,000000030
2025-02-21 16:04:47,208930000000002,coffee2,1580,afternoon,000000050
2025-02-21 16:46:28,208930000000001,work,5197,afternoon,000000060
2025-02-21 17:08:21,208930000000002,leisure1,4127,evening,000000040
2025-02-21 17:53:10,208930000000004,restaurant2,3202,evening,000000030
2025-02-21 18:34:24,208930000000003,leisure2,7599,evening,000000050
2025-02-21 19:29:29,208930000000004,cinema,6574,evening,000000060
2025-02-21 19:40:09,208930000000002,gym1,4168,evening,000000040
2025-02-21 20:11:20,208930000000001,restaurant1,3233,evening,000000060
2025-02-21 20:42:32,208930000000002,restaurant1,3733,evening,000000030
2025-02-21 21:05:29,208930000000003,leisure1,7628,evening,000000040
2025-02-21 21:52:44,208930000000004,restaurant1,3740,evening,000000060
2025-02-21 22:15:45,208930000000002,restaurant2,4210,evening,000000040
2025-02-21 22:25:09,208930000000001,cinema,7921,evening,000000060
2025-02-21 22:33:34,208930000000003,restaurant2,4653,evening,000000040
2025-02-21 23:20:57,208930000000004,home,7356,evening,000000040
2025-02-22 00:01:34,208930000000001,gym1,2718,night,000000050
2025-02-22 00:02:03,208930000000003,gym2,3302,night,000000030
2025-02-22 00:46:42,208930000000003,home,5866,night,000000040
2025-02-22 01:08:43,208930000000001,home,6044,night,000000050
2025-02-22 01:11:24,208930000000002,home,7643,night,000000040
2025-02-22 07:42:10,208930000000004,work,5189,morning,000000040
2025-02-22 08:45:41,208930000000002,work,10760,morning,000000030
2025-02-22 08:50:46,208930000000003,coffee1,1783,morning,000000040
2025-02-22 09:13:10,208930000000004,coffee1,1649,morning,000000040
2025-02-22 09:15:38,208930000000001,gym1,3883,morning,000000050
2025-02-22 09:41:52,208930000000003,gym1,3696,morning,000000040
2025-02-22 09:44:51,208930000000004,work,7263,morning,000000040
2025-02-22 10:29:58,208930000000001,coffee1,2186,morning,000000040
2025-02-22 11:12:28,208930000000003,work,6954,lunch,000000060
2025-02-22 11:31:51,208930000000001,restaurant1,3217,lunch,000000030
2025-02-22 12:05:23,208930000000004,restaurant2,4024,lunch,000000040
2025-02-22 12:51:56,208930000000003,park,1730,lunch,000000050
2025-02-22 13:47:49,208930000000001,leisure1,7655,lunch,000000030
2025-02-22 13:51:10,208930000000004,leisure2,9116,lunch,000000060
2025-02-22 14:29:10,208930000000003,work,9324,afternoon,000000050
2025-02-22 15:57:44,208930000000001,leisure2,8308,afternoon,000000060
2025-02-22 17:07:33,208930000000002,home,3873,evening,000000040
2025-02-22 17:09:43,208930000000004,coffee1,1628,evening,000000040
2025-02-22 17:45:50,208930000000004,home,6397,evening,000000040
2025-02-22 18:04:18,208930000000001,restaurant2,3850,evening,000000030
2025-02-22 18:06:47,208930000000003,restaurant1,5491,evening,000000030
2025-02-22 18:15:36,208930000000002,restaurant2,3344,evening,000000040
2025-02-22 19:33:38,208930000000002,gym2,3517,evening,000000030
2025-02-22 19:58:25,208930000000004,gym1,2972,evening,000000040
2025-02-22 21:07:37,208930000000004,home,5993,evening,000000040
2025-02-22 21:19:55,208930000000002,restaurant2,2194,evening,000000040
2025-02-22 21:27:08,208930000000001,home,5395,evening,000000030
2025-02-22 21:38:34,208930000000003,leisure2,7898,evening,000000050
2025-02-22 22:24:45,208930000000001,restaurant2,2237,evening,000000030
2025-02-22 22:39:39,208930000000002,leisure2,7471,evening,000000060
2025-02-22 23:20:10,208930000000004,leisure2,10064,evening,000000050
2025-02-23 00:01:42,208930000000001,restaurant1,3403,night,000000060
2025-02-23 00:02:35,208930000000002,gym1,3039,night,000000040
2025-02-23 00:26:38,208930000000003,home,7850,night,000000040
2025-02-23 01:01:14,208930000000002,home,9108,night,000000040
2025-02-23 01:11:25,208930000000001,home,7664,night,000000060
2025-02-23 02:32:20,208930000000004,home,10071,night,000000040
2025-02-23 07:27:55,208930000000003,work,4740,morning,000000060
2025-02-23 08:03:24,208930000000004,work,7438,morning,000000040
2025-02-23 08:03:37,208930000000001,work,10604,morning,000000050
2025-02-23 08:27:56,208930000000002,coffee2,1975,morning,000000050
2025-02-23 10:34:43,208930000000004,gym2,3286,morning,000000030
2025-02-23 11:11:37,208930000000002,work,10241,lunch,000000050
2025-02-23 11:38:02,208930000000004,restaurant2,1719,lunch,000000030
2025-02-23 13:12:08,208930000000004,park,1699,lunch,000000050
2025-02-23 13:23:59,208930000000002,leisure1,6713,lunch,000000040
2025-02-23 14:22:24,208930000000004,restaurant2,4568,afternoon,000000030
2025-02-23 14:46:55,208930000000002,coffee1,2223,afternoon,000000040
2025-02-23 15:39:12,208930000000002,work,7139,afternoon,000000060
2025-02-23 15:49:42,208930000000001,coffee1,2392,afternoon,000000040
2025-02-23 15:53:19,208930000000004,leisure1,7026,afternoon,000000030
2025-02-23 16:43:16,208930000000001,leisure1,6604,afternoon,000000040
2025-02-23 17:16:37,208930000000003,restaurant2,6328,evening,000000040
2025-02-23 17:47:21,208930000000002,home,5453,evening,000000040
2025-02-23 18:09:13,208930000000004,home,8057,evening,000000040
2025-02-23 18:27:45,208930000000003,restaurant1,2120,evening,000000030
2025-02-23 19:32:31,208930000000001,leisure2,6458,evening,000000060
2025-02-23 19:32:54,208930000000002,cinema,7633,evening,000000060
2025-02-23 20:23:41,208930000000002,restaurant2,4472,evening,000000040
2025-02-23 21:26:49,208930000000004,cinema,7457,evening,000000060
2025-02-23 21:51:21,208930000000003,home,10161,evening,000000030
2025-02-23 21:56:36,208930000000001,cinema,10532,evening,000000060
2025-02-23 22:40:27,208930000000002,leisure2,8481,evening,000000050
2025-02-23 22:51:31,208930000000001,restaurant2,3562,evening,000000030
2025-02-23 23:17:58,208930000000003,leisure2,8663,evening,000000050
2025-02-24 00:07:56,208930000000001,home,8770,night,000000060
2025-02-24 00:16:19,208930000000004,restaurant1,2396,night,000000060
2025-02-24 01:17:53,208930000000004,home,6020,night,000000040
2025-02-24 01:37:17,208930000000002,home,8046,night,000000040
2025-02-24 01:58:42,208930000000003,home,6295,night,000000040
2025-02-24 07:17:20,208930000000004,gym1,3934,morning,000000040
2025-02-24 07:24:46,208930000000001,work,8674,morning,000000060
2025-02-24 07:55:16,208930000000003,work,6633,morning,000000030
2025-02-24 10:41:29,208930000000003,coffee1,1836,morning,000000040
2025-02-24 11:34:20,208930000000004,restaurant2,2450,lunch,000000040
2025-02-24 11:48:52,208930000000003,leisure2,8196,lunch,000000050
2025-02-24 11:56:35,208930000000001,restaurant1,3944,lunch,000000060
2025-02-24 12:34:46,208930000000002,park,1794,lunch,000000050
2025-02-24 12:38:35,208930000000004,work,5167,lunch,000000040
2025-02-24 12:45:01,208930000000003,restaurant2,4473,lunch,000000040
2025-02-24 13:37:00,208930000000001,work,7688,lunch,000000060
2025-02-24 14:12:14,208930000000003,work,11617,afternoon,000000030
2025-02-24 14:15:29,208930000000002,work,6076,afternoon,000000060
2025-02-24 14:16:40,208930000000004,leisure1,7493,afternoon,000000040
2025-02-24 15:33:34,208930000000003,leisure1,9193,afternoon,000000040
2025-02-24 16:45:51,208930000000004,coffee2,2816,afternoon,000000050
2025-02-24 17:05:18,208930000000002,leisure1,7098,evening,000000040
2025-02-24 17:37:12,208930000000003,gym1,3301,evening,000000040
2025-02-24 18:25:40,208930000000004,cinema,6771,evening,000000060
2025-02-24 18:51:57,208930000000001,restaurant1,2926,evening,000000060
2025-02-24 18:58:53,208930000000003,restaurant2,4421,evening,000000040
2025-02-24 19:59:27,208930000000001,home,8553,evening,000000060
2025-02-24 20:00:42,208930000000002,gym1,3760,evening,000000040
2025-02-24 20:38:48,208930000000003,leisure1,3807,evening,000000040
2025-02-24 21:05:53,208930000000002,restaurant1,2320,evening,000000030
2025-02-24 21:36:27,208930000000001,cinema,8546,evening,000000060
2025-02-24 21:37:21,208930000000004,home,8270,evening,000000040
2025-02-24 22:04:35,208930000000003,home,9849,evening,000000040
2025-02-24 22:12:16,208930000000002,leisure2,8418,evening,000000060
2025-02-24 23:11:33,208930000000001,restaurant1,2006,evening,000000060
2025-02-24 23:54:27,208930000000001,gym2,2693,evening,000000030
2025-02-25 00:04:06,208930000000002,home,7150,night,000000040
2025-02-25 00:14:31,208930000000003,restaurant1,2371,night,000000030
2025-02-25 00:35:21,208930000000004,restaurant1,5226,night,000000030
2025-02-25 00:44:26,208930000000001,home,4545,night,000000060
2025-02-25 01:13:20,208930000000003,home,10032,night,000000030
2025-02-25 02:22:13,208930000000004,home,9185,night,000000040
2025-02-25 07:29:44,208930000000003,coffee1,2262,morning,000000040
2025-02-25 07:44:40,208930000000004,work,5337,morning,000000040
2025-02-25 07:59:19,208930000000001,work,6665,morning,000000060
2025-02-25 10:44:30,208930000000003,gym2,4293,morning,000000030
2025-02-25 11:26:42,208930000000004,restaurant2,4694,lunch,000000030
2025-02-25 11:53:46,208930000000003,work,7874,lunch,000000060
2025-02-25 12:14:01,208930000000002,park,1812,lunch,000000050
2025-02-25 13:08:21,208930000000004,work,7348,lunch,000000040
2025-02-25 13:41:18,208930000000002,restaurant2,4154,lunch,000000040
2025-02-25 14:35:19,208930000000001,coffee2,1292,afternoon,000000060
2025-02-25 16:38:06,208930000000001,work,8360,afternoon,000000050
2025-02-25 17:03:28,208930000000002,work,8487,evening,000000030
2025-02-25 17:43:04,208930000000004,gym2,3391,evening,000000030
2025-02-25 18:16:31,208930000000003,cinema,8341,evening,000000060
2025-02-25 18:49:33,208930000000002,leisure2,9371,evening,000000050
2025-02-25 18:51:36,208930000000004,restaurant2,4524,evening,000000030
2025-02-25 19:29:02,208930000000001,restaurant2,3150,evening,000000040
2025-02-25 19:52:40,208930000000003,leisure1,5097,evening,000000030
2025-02-25 20:48:19,208930000000004,leisure2,8914,evening,000000060
2025-02-25 20:55:27,208930000000003,restaurant2,3215,evening,000000040
2025-02-25 21:46:49,208930000000001,home,8380,evening,000000030
2025-02-25 21:59:55,208930000000003,home,9121,evening,000000040
2025-02-25 22:02:03,208930000000002,gym2,2816,evening,000000030
2025-02-25 23:28:15,208930000000001,leisure1,5154,evening,000000030
2025-02-25 23:48:59,208930000000004,gym2,4453,evening,000000030
2025-02-25 23:58:52,208930000000002,cinema,8594,evening,000000060
2025-02-26 00:03:50,208930000000003,restaurant2,3257,night,000000040
2025-02-26 00:42:56,208930000000002,home,10414,night,000000040
2025-02-26 01:04:37,208930000000003,home,6131,night,000000040
2025-02-26 01:22:10,208930000000004,home,4212,night,000000040
2025-02-26 01:34:59,208930000000001,home,7904,night,000000060
2025-02-26 07:11:52,208930000000002,work,6626,morning,000000060
2025-02-26 07:15:55,208930000000004,work,3234,morning,000000040
2025-02-26 08:30:54,208930000000004,coffee2,2354,morning,000000050
2025-02-26 09:32:08,208930000000003,work,4893,morning,000000060
2025-02-26 09:34:39,208930000000001,coffee2,1023,morning,000000060
2025-02-26 09:53:55,208930000000004,work,5027,morning,000000040
2025-02-26 11:16:23,208930000000002,restaurant2,4553,lunch,000000040
2025-02-26 11:32:07,208930000000004,restaurant2,3709,lunch,000000040
2025-02-26 11:33:00,208930000000001,leisure2,6913,lunch,000000060
2025-02-26 12:49:27,208930000000004,leisure1,6663,lunch,000000040
2025-02-26 13:25:26,208930000000002,work,6045,lunch,000000060
2025-02-26 13:59:39,208930000000001,restaurant1,1822,lunch,000000060
2025-02-26 14:42:23,208930000000003,leisure1,4430,afternoon,000000040
2025-02-26 15:06:16,208930000000004,work,4599,afternoon,000000040
2025-02-26 15:08:19,208930000000001,leisure2,5685,afternoon,000000060
2025-02-26 16:01:42,208930000000001,leisure1,9091,afternoon,000000030
2025-02-26 16:37:54,208930000000003,leisure2,7126,afternoon,000000050
2025-02-26 17:09:31,208930000000004,leisure2,5891,evening,000000050
2025-02-26 17:51:22,208930000000002,home,7853,evening,000000040
2025-02-26 18:23:52,208930000000001,gym2,4608,evening,000000030
2025-02-26 18:39:56,208930000000003,cinema,7654,evening,000000060
2025-02-26 19:22:04,208930000000004,restaurant2,1870,evening,000000030
2025-02-26 19:32:15,208930000000002,cinema,8583,evening,000000060
2025-02-26 19:44:48,208930000000001,restaurant2,4888,evening,000000030
2025-02-26 20:11:36,208930000000003,restaurant2,4137,evening,000000040
2025-02-26 20:16:28,208930000000004,leisure1,7584,evening,000000030
2025-02-26 21:29:51,208930000000003,home,4873,evening,000000040
2025-02-26 21:59:37,208930000000001,leisure1,6889,evening,000000030
2025-02-26 22:04:09,208930000000002,restaurant2,5467,evening,000000040
2025-02-26 22:48:34,208930000000004,restaurant1,5164,evening,000000030
2025-02-26 23:04:34,208930000000001,gym1,4046,evening,000000050
2025-02-26 23:21:02,208930000000003,gym2,3085,evening,000000030
2025-02-26 23:21:20,208930000000002,leisure1,7971,evening,000000040
2025-02-27 00:03:20,208930000000002,home,10642,night,000000040
2025-02-27 00:24:40,208930000000003,home,6060,night,000000030
2025-02-27 00:31:36,208930000000001,home,5272,night,000000060
2025-02-27 00:43:46,208930000000004,home,10800,night,000000040
2025-02-27 07:26:09,208930000000003,work,6853,morning,000000060
2025-02-27 07:37:34,208930000000004,work,10478,morning,000000040
2025-02-27 09:58:01,208930000000002,work,4980,morning,000000060
2025-02-27 10:01:30,208930000000001,coffee1,1962,morning,000000040
2025-02-27 10:43:52,208930000000004,home,4814,morning,000000040
2025-02-27 10:53:49,208930000000001,home,5686,morning,000000040
2025-02-27 11:56:44,208930000000003,restaurant2,1733,lunch,000000040
2025-02-27 12:15:47,208930000000001,restaurant2,3904,lunch,000000030
2025-02-27 12:20:04,208930000000004,restaurant2,3753,lunch,000000040
2025-02-27 12:40:54,208930000000003,work,5971,lunch,000000030
2025-02-27 13:29:12,208930000000002,restaurant2,1870,lunch,000000040
2025-02-27 13:36:33,208930000000004,leisure1,9994,lunch,000000040
2025-02-27 14:09:46,208930000000002,work,7626,afternoon,000000030
2025-02-27 14:24:54,208930000000003,leisure2,5804,afternoon,000000050
2025-02-27 14:52:50,208930000000001,work,8695,afternoon,000000030
2025-02-27 16:28:41,208930000000003,coffee2,1975,afternoon,000000050
2025-02-27 16:48:39,208930000000004,work,6890,afternoon,000000040
2025-02-27 17:18:35,208930000000003,restaurant2,4319,evening,000000040
2025-02-27 17:27:54,208930000000001,leisure2,7493,evening,000000060
2025-02-28 09:38:00,208930000000003,work,7808,morning,000000030
2025-02-28 09:57:52,208930000000002,gym2,3411,morning,000000030
2025-02-28 10:15:27,208930000000004,coffee2,1948,morning,000000050
2025-02-28 11:09:44,208930000000001,work,5428,lunch,000000030
2025-02-28 11:21:18,208930000000004,gym2,5034,lunch,000000030
2025-02-28 11:54:56,208930000000002,work,7312,lunch,000000060
2025-02-28 13:30:23,208930000000004,park,1936,lunch,000000050
2025-02-28 14:47:59,208930000000003,leisure2,6263,afternoon,000000060
2025-02-28 15:30:15,208930000000004,leisure1,7687,afternoon,000000040
2025-02-28 15:45:42,208930000000003,work,6338,afternoon,000000060
2025-02-28 17:32:25,208930000000003,leisure1,7844,evening,000000040
2025-02-28 17:56:48,208930000000004,home,11627,evening,000000040
2025-02-28 18:50:00,208930000000001,cinema,8881,evening,000000060
2025-02-28 19:09:59,208930000000002,leisure1,5499,evening,000000040
2025-02-28 19:15:35,208930000000003,restaurant2,2775,evening,000000040
2025-02-28 20:39:48,208930000000001,leisure2,6587,evening,000000060
2025-02-28 21:36:43,208930000000002,gym2,3811,evening,000000030
2025-02-28 21:41:08,208930000000003,leisure2,6129,evening,000000050
2025-02-28 22:07:06,208930000000004,cinema,8385,evening,000000060
2025-02-28 23:17:29,208930000000001,leisure1,11697,evening,000000030
2025-02-28 23:20:12,208930000000002,leisure2,7676,evening,000000050
2025-03-01 00:50:18,208930000000003,home,9200,night,000000040
2025-03-01 01:16:14,208930000000004,home,8709,night,000000040
2025-03-01 01:16:18,208930000000001,home,5749,night,000000030
2025-03-01 02:01:58,208930000000002,home,7273,night,000000050
2025-03-01 08:08:20,208930000000001,work,4577,morning,000000060
2025-03-01 08:30:51,208930000000003,work,6631,morning,000000060
2025-03-01 08:36:59,208930000000002,gym1,4049,morning,000000040
2025-03-01 08:59:58,208930000000004,coffee2,1690,morning,000000050
2025-03-01 09:51:36,208930000000002,work,11182,morning,000000060
2025-03-01 10:03:59,208930000000001,coffee2,2105,morning,000000060
2025-03-01 10:14:36,208930000000004,work,5786,morning,000000040
2025-03-01 10:55:15,208930000000001,work,6788,morning,000000060
2025-03-01 12:06:07,208930000000004,restaurant2,1118,lunch,000000040
2025-03-01 12:53:05,208930000000004,work,5758,lunch,000000040
2025-03-01 13:05:23,208930000000002,restaurant1,3293,lunch,000000030
2025-03-01 14:40:30,208930000000002,work,7487,afternoon,000000060
2025-03-01 14:57:07,208930000000004,leisure2,5130,afternoon,000000050
2025-03-01 15:11:35,208930000000001,leisure2,9150,afternoon,000000060
2025-03-01 15:36:24,208930000000003,leisure1,5636,afternoon,000000040
2025-03-01 16:42:29,208930000000004,coffee2,1349,afternoon,000000050
2025-03-01 17:21:38,208930000000001,restaurant2,5096,evening,000000030
2025-03-01 17:21:52,208930000000002,restaurant2,2887,evening,000000040
2025-03-01 17:31:06,208930000000004,restaurant1,4693,evening,000000060
2025-03-01 18:25:13,208930000000003,leisure2,9650,evening,000000050
2025-03-01 19:26:29,208930000000004,leisure2,6388,evening,000000060
2025-03-01 21:11:55,208930000000002,restaurant1,4676,evening,000000030
2025-03-01 21:46:56,208930000000004,gym2,2512,evening,000000030
2025-03-01 22:04:14,208930000000001,restaurant1,3784,evening,000000060
2025-03-01 22:39:35,208930000000002,leisure2,5680,evening,000000050
2025-03-01 22:40:48,208930000000004,restaurant1,4493,evening,000000030
2025-03-01 23:32:43,208930000000001,home,7770,evening,000000060
2025-03-02 00:42:11,208930000000004,gym1,3263,night,000000040
2025-03-02 01:22:24,208930000000002,home,6484,night,000000040
2025-03-02 01:51:59,208930000000004,home,6855,night,000000040
2025-03-02 02:27:05,208930000000003,home,3760,night,000000040
2025-03-02 07:35:46,208930000000002,work,11375,morning,000000060
2025-03-02 08:11:56,208930000000003,coffee1,1998,morning,000000040
2025-03-02 08:31:29,208930000000004,coffee1,1645,morning,000000040
2025-03-02 08:50:36,208930000000002,coffee2,2354,morning,000000050
2025-03-02 09:05:19,208930000000004,work,7068,morning,000000040
2025-03-02 09:17:01,208930000000001,work,6549,morning,000000060
2025-03-02 10:24:28,208930000000002,coffee1,2494,morning,000000040
2025-03-02 10:33:48,208930000000003,work,4252,morning,000000060
2025-03-02 11:20:31,208930000000004,restaurant2,2310,lunch,000000040
2025-03-02 11:25:56,208930000000002,work,4495,lunch,000000060
2025-03-02 12:21:05,208930000000004,work,5898,lunch,000000040
2025-03-02 12:48:44,208930000000002,restaurant2,2943,lunch,000000040
2025-03-02 13:48:04,208930000000002,work,8897,lunch,000000030
2025-03-02 14:14:28,208930000000004,coffee2,2015,afternoon,000000050
2025-03-02 15:10:42,208930000000004,work,8046,afternoon,000000040
2025-03-02 15:52:19,208930000000003,leisure1,7968,afternoon,000000040
2025-03-02 17:58:12,208930000000004,restaurant1,4549,evening,000000030
2025-03-02 18:33:52,208930000000001,gym1,4414,evening,000000050
2025-03-02 18:41:08,208930000000003,leisure2,5553,evening,000000050
2025-03-02 19:28:52,208930000000002,restaurant2,3282,evening,000000040
2025-03-02 19:54:08,208930000000004,home,4864,evening,000000040
2025-03-02 20:35:57,208930000000002,home,10761,evening,000000040
2025-03-02 21:09:59,208930000000003,restaurant1,2809,evening,000000030
2025-03-02 21:31:50,208930000000004,restaurant2,4058,evening,000000040
2025-03-02 21:40:00,208930000000001,leisure2,6795,evening,000000060
2025-03-02 22:15:28,208930000000002,restaurant1,2712,evening,000000030
2025-03-02 22:33:15,208930000000003,cinema,6370,evening,000000060
2025-03-02 22:56:32,208930000000004,home,6130,evening,000000040
2025-03-02 23:13:41,208930000000001,home,6650,evening,000000060
2025-03-03 00:04:38,208930000000003,restaurant1,3657,night,000000030
2025-03-03 00:27:13,208930000000002,home,9644,night,000000040
2025-03-03 01:28:39,208930000000003,home,9056,night,000000030
2025-03-03 07:14:53,208930000000004,work,7794,morning,000000040
2025-03-03 07:43:55,208930000000003,work,7945,morning,000000060
2025-03-03 08:00:57,208930000000002,work,7709,morning,000000060
2025-03-03 08:03:13,208930000000001,work,4823,morning,000000060
2025-03-03 09:29:39,208930000000004,coffee1,1357,morning,000000040
2025-03-03 09:42:14,208930000000001,coffee2,2012,morning,000000060
2025-03-03 09:56:59,208930000000004,work,5610,morning,000000040
2025-03-03 11:37:30,208930000000001,restaurant1,3034,lunch,000000060
2025-03-03 12:01:33,208930000000004,restaurant1,1495,lunch,000000030
2025-03-03 12:44:53,208930000000001,work,9248,lunch,000000060
2025-03-03 12:47:46,208930000000004,leisure1,7682,lunch,000000030
2025-03-03 15:19:33,208930000000004,work,10383,afternoon,000000040
2025-03-03 15:54:20,208930000000002,leisure2,7624,afternoon,000000050
2025-03-03 16:46:35,208930000000001,coffee2,2175,afternoon,000000060
2025-03-03 16:58:39,208930000000003,leisure2,9827,afternoon,000000050
2025-03-03 18:30:36,208930000000004,gym1,3689,evening,000000040
2025-03-03 18:37:42,208930000000001,leisure1,4730,evening,000000030
2025-03-03 19:42:02,208930000000003,restaurant1,4311,evening,000000030
2025-03-03 19:56:50,208930000000004,home,7697,evening,000000040
2025-03-03 20:17:30,208930000000001,gym2,4304,evening,000000030
2025-03-03 21:14:50,208930000000003,restaurant2,3519,evening,000000040
2025-03-03 22:38:21,208930000000001,leisure1,6639,evening,000000030
2025-03-03 22:40:12,208930000000002,restaurant2,2680,evening,000000040
2025-03-03 22:56:15,208930000000004,leisure2,7672,evening,000000050
2025-03-03 23:49:01,208930000000002,leisure1,6412,evening,000000040
2025-03-04 00:34:59,208930000000001,home,5532,night,000000060
2025-03-04 00:45:34,208930000000003,home,7278,night,000000040
2025-03-04 01:21:18,208930000000002,home,5911,night,000000040
2025-03-04 01:35:37,208930000000004,home,5440,night,000000040
2025-03-04 07:31:08,208930000000004,work,8985,morning,000000040
2025-03-04 08:28:15,208930000000002,work,6628,morning,000000060
2025-03-04 08:47:31,208930000000001,gym2,3117,morning,000000030
2025-03-04 09:52:19,208930000000003,work,7262,morning,000000060
2025-03-04 12:02:52,208930000000001,work,6950,lunch,000000060
2025-03-04 12:15:01,208930000000004,leisure1,4781,lunch,000000040
2025-03-04 12:23:21,208930000000002,restaurant2,4900,lunch,000000040
2025-03-04 13:45:49,208930000000001,park,2096,lunch,000000050
2025-03-04 13:57:40,208930000000004,work,6941,lunch,000000040
2025-03-04 13:57:53,208930000000002,work,4423,lunch,000000030
2025-03-04 14:39:18,208930000000002,leisure1,8072,afternoon,000000040
2025-03-04 15:55:55,208930000000002,leisure2,10095,afternoon,000000050
2025-03-04 15:59:03,208930000000001,leisure1,7759,afternoon,000000030
2025-03-04 16:14:07,208930000000004,coffee2,1903,afternoon,000000050
2025-03-04 17:13:38,208930000000004,work,8991,evening,000000040
2025-03-04 18:27:32,208930000000002,restaurant1,3509,evening,000000030
2025-03-04 18:34:59,208930000000001,restaurant1,4447,evening,000000060
2025-03-04 19:34:47,208930000000003,restaurant1,5233,evening,000000030
2025-03-04 19:47:22,208930000000002,home,6285,evening,000000030
2025-03-04 20:04:19,208930000000004,leisure1,9444,evening,000000040
2025-03-04 21:55:32,208930000000003,cinema,8328,evening,000000060
2025-03-04 22:34:48,208930000000002,leisure2,6257,evening,000000050
2025-03-04 23:59:29,208930000000004,cinema,7288,evening,000000060
2025-03-05 00:09:39,208930000000003,restaurant2,5445,night,000000040
2025-03-05 00:19:04,208930000000001,home,9756,night,000000060
2025-03-05 00:46:41,208930000000002,home,6457,night,000000050
2025-03-05 00:48:47,208930000000003,home,8527,night,000000040
2025-03-05 02:37:13,208930000000004,home,7221,night,000000040
2025-03-05 07:16:24,208930000000001,work,6996,morning,000000050
2025-03-05 07:55:34,208930000000002,coffee2,2099,morning,000000050
2025-03-05 07:56:14,208930000000003,work,2683,morning,000000030
2025-03-05 08:18:52,208930000000004,coffee2,1233,morning,000000050
2025-03-05 08:44:14,208930000000002,work,9136,morning,000000050
2025-03-05 09:13:10,208930000000004,gym2,3067,morning,000000030
2025-03-05 10:31:00,208930000000004,coffee2,2144,morning,000000060
2025-03-05 10:36:41,208930000000002,coffee2,2018,morning,000000050
2025-03-05 11:21:40,208930000000004,restaurant2,3691,lunch,000000030
2025-03-05 12:20:47,208930000000002,restaurant1,3206,lunch,000000030
2025-03-05 15:44:01,208930000000004,park,1892,afternoon,000000050
2025-03-05 16:17:04,208930000000002,leisure1,6934,afternoon,000000040
2025-03-05 17:04:05,208930000000001,leisure1,6741,evening,000000030
2025-03-05 17:23:28,208930000000004,coffee1,1486,evening,000000040
2025-03-05 17:56:34,208930000000004,home,7613,evening,000000040
2025-03-05 19:09:29,208930000000002,restaurant2,4163,evening,000000040
2025-03-05 19:21:35,208930000000003,leisure1,7946,evening,000000040
2025-03-05 19:37:21,208930000000001,restaurant1,4189,evening,000000060
2025-03-05 20:20:00,208930000000004,restaurant2,2237,evening,000000040
2025-03-05 20:46:46,208930000000003,leisure2,6822,evening,000000050
2025-03-05 21:08:36,208930000000004,home,8727,evening,000000040
2025-03-05 22:15:15,208930000000001,gym2,2585,evening,000000030
2025-03-05 23:27:45,208930000000003,restaurant1,3665,evening,000000030
2025-03-06 00:07:59,208930000000001,leisure1,7778,night,000000030
2025-03-06 00:15:00,208930000000002,home,8639,night,000000040
2025-03-06 00:36:49,208930000000004,cinema,8829,night,000000060
2025-03-06 00:46:18,208930000000003,home,7216,night,000000040
2025-03-06 02:30:53,208930000000001,home,4322,night,000000060
2025-03-06 03:40:14,208930000000004,home,9548,night,000000040
2025-03-06 07:37:28,208930000000002,coffee2,2276,morning,000000050
2025-03-06 08:05:21,208930000000003,coffee2,1474,morning,000000050
2025-03-06 08:16:08,208930000000004,work,2785,morning,000000040
2025-03-06 08:28:51,208930000000002,work,6985,morning,000000050
2025-03-06 08:52:04,208930000000003,work,6954,morning,000000050
2025-03-06 09:09:01,208930000000004,home,7312,morning,000000040
2025-03-06 09:53:04,208930000000001,gym1,3475,morning,000000050
2025-03-06 09:54:25,208930000000003,coffee1,1613,morning,000000040
2025-03-06 10:44:46,208930000000002,coffee1,1526,morning,000000040
2025-03-06 11:23:17,208930000000004,restaurant2,4510,lunch,000000040
2025-03-06 11:53:09,208930000000001,restaurant1,3898,lunch,000000060
2025-03-06 11:57:12,208930000000003,leisure1,8589,lunch,000000040
2025-03-06 13:03:47,208930000000004,leisure1,5694,lunch,000000040
2025-03-06 13:21:17,208930000000001,work,8472,lunch,000000060
2025-03-06 13:27:19,208930000000002,restaurant1,3679,lunch,000000030
2025-03-06 15:29:10,208930000000004,work,5011,afternoon,000000040
2025-03-06 15:31:55,208930000000002,leisure1,8707,afternoon,000000040
2025-03-06 16:21:17,208930000000001,coffee2,1610,afternoon,000000060
2025-03-06 16:40:15,208930000000002,work,4670,afternoon,000000060
2025-03-06 16:43:36,208930000000003,work,10132,afternoon,000000060
2025-03-06 17:37:27,208930000000004,leisure2,8402,evening,000000050
2025-03-06 18:29:41,208930000000001,restaurant1,3250,evening,000000060
2025-03-06 18:49:16,208930000000002,leisure1,4282,evening,000000040
2025-03-06 19:42:28,208930000000001,home,8743,evening,000000060
2025-03-06 20:02:55,208930000000003,cinema,8519,evening,000000060
2025-03-06 20:33:28,208930000000002,home,5252,evening,000000040
2025-03-06 20:34:22,208930000000004,home,8211,evening,000000040
2025-03-06 21:06:45,208930000000001,leisure2,6453,evening,000000050
2025-03-06 21:36:45,208930000000003,restaurant2,2479,evening,000000040
2025-03-06 22:05:01,208930000000002,restaurant2,4364,evening,000000040
2025-03-06 22:28:09,208930000000003,home,8344,evening,000000040
2025-03-06 23:16:04,208930000000001,home,8463,evening,000000050
2025-03-06 23:25:22,208930000000004,leisure2,8914,evening,000000050
2025-03-06 23:55:49,208930000000002,restaurant1,2394,evening,000000030
2025-03-07 00:12:26,208930000000001,gym2,3316,night,000000030
2025-03-07 00:54:20,208930000000002,home,7005,night,000000030
2025-03-07 01:19:46,208930000000001,home,4427,night,000000030
2025-03-07 02:28:06,208930000000004,home,10817,night,000000040
2025-03-07 07:39:30,208930000000004,coffee1,1379,morning,000000040
2025-03-07 08:18:52,208930000000002,work,6732,morning,000000060
2025-03-07 08:35:24,208930000000001,gym2,3550,morning,000000030
2025-03-07 09:36:40,208930000000003,work,5258,morning,000000060
2025-03-07 10:13:07,208930000000001,work,4586,morning,000000060
2025-03-09 10:59:16,208930000000004,work,8871,morning,000000040
2025-03-09 11:09:21,208930000000003,coffee1,1951,lunch,000000040
2025-03-09 12:04:00,208930000000003,restaurant2,4347,lunch,000000040
2025-03-09 12:22:32,208930000000001,restaurant1,4238,lunch,000000060
2025-03-09 13:42:27,208930000000001,restaurant2,2539,lunch,000000030
2025-03-09 13:46:34,208930000000004,restaurant2,3019,lunch,000000030
2025-03-09 14:29:27,208930000000003,park,1741,afternoon,000000050
2025-03-09 14:47:37,208930000000001,coffee1,2491,afternoon,000000040
2025-03-09 14:52:22,208930000000004,leisure1,6414,afternoon,000000030
2025-03-09 15:55:36,208930000000002,coffee1,1063,afternoon,000000040
2025-03-09 16:35:51,208930000000002,work,9419,afternoon,000000060
2025-03-09 17:00:09,208930000000004,work,5854,evening,000000040
2025-03-09 17:10:23,208930000000003,work,8405,evening,000000060
2025-03-09 17:33:55,208930000000001,work,8215,evening,000000060
2025-03-09 17:58:20,208930000000002,gym2,3089,evening,000000030
2025-03-09 18:35:51,208930000000003,restaurant1,3896,evening,000000030
2025-03-09 18:41:08,208930000000001,restaurant1,2912,evening,000000060
2025-03-09 18:45:58,208930000000004,home,6063,evening,000000040
2025-03-09 19:23:49,208930000000002,leisure2,10684,evening,000000050
2025-03-09 19:50:08,208930000000001,home,7167,evening,000000060
2025-03-09 20:39:30,208930000000004,restaurant2,2019,evening,000000040
2025-03-09 20:56:51,208930000000001,leisure1,7320,evening,000000030
2025-03-09 21:32:04,208930000000004,leisure1,4957,evening,000000040
2025-03-09 21:45:34,208930000000002,restaurant2,3032,evening,000000040
2025-03-09 22:01:54,208930000000003,gym2,3923,evening,000000030
2025-03-09 23:25:19,208930000000004,gym2,4093,evening,000000030
2025-03-09 23:30:30,208930000000003,gym1,4311,evening,000000040
2025-03-09 23:35:16,208930000000001,restaurant2,3709,evening,000000030
2025-03-09 23:58:30,208930000000002,leisure1,5742,evening,000000040
2025-03-10 00:48:11,208930000000004,home,7638,night,000000040
2025-03-10 00:59:03,208930000000003,home,0,night,000000040
2025-03-10 01:18:56,208930000000001,home,7372,night,000000060
2025-03-10 02:21:42,208930000000002,home,7467,night,000000040
2025-03-10 07:39:59,208930000000002,coffee1,2029,morning,000000040
2025-03-10 07:44:55,208930000000004,coffee2,2393,morning,000000050
2025-03-10 08:39:01,208930000000003,coffee1,1644,morning,000000040
2025-03-10 08:46:39,208930000000002,work,7577,morning,000000060
2025-03-10 08:48:47,208930000000004,gym2,4286,morning,000000030
2025-03-10 08:50:34,208930000000001,coffee1,1866,morning,000000040
2025-03-10 09:28:32,208930000000001,work,6778,morning,000000060
2025-03-10 09:42:00,208930000000003,work,6868,morning,000000060
2025-03-10 10:35:41,208930000000004,work,7759,morning,000000040
2025-03-10 12:37:17,208930000000001,leisure2,10091,lunch,000000060
2025-03-10 13:36:39,208930000000004,park,1776,lunch,000000050
2025-03-10 13:54:36,208930000000003,leisure2,10147,lunch,000000050
2025-03-10 15:06:00,208930000000001,leisure1,5439,afternoon,000000030
2025-03-10 15:11:28,208930000000002,coffee2,1405,afternoon,000000050
2025-03-10 15:32:25,208930000000004,work,11412,afternoon,000000040
2025-03-10 16:22:50,208930000000002,work,7412,afternoon,000000060
2025-03-10 16:47:18,208930000000003,coffee1,1637,afternoon,000000040
2025-03-10 17:25:29,208930000000001,gym2,3454,evening,000000030
2025-03-10 18:06:44,208930000000003,restaurant1,3193,evening,000000030
2025-03-10 18:39:53,208930000000001,home,8908,evening,000000030
2025-03-10 18:42:49,208930000000002,home,7736,evening,000000040
2025-03-10 18:53:10,208930000000004,home,7157,evening,000000040
2025-03-10 19:31:31,208930000000003,gym2,2327,evening,000000030
2025-03-10 20:23:48,208930000000001,restaurant2,3676,evening,000000030
2025-03-10 21:14:28,208930000000003,cinema,9497,evening,000000060
2025-03-10 21:19:27,208930000000002,restaurant1,3979,evening,000000030
2025-03-10 21:23:57,208930000000004,restaurant1,3575,evening,000000030
2025-03-10 22:36:12,208930000000004,gym2,2473,evening,000000030
2025-03-10 22:46:04,208930000000003,leisure1,7467,evening,000000040
2025-03-10 23:12:41,208930000000001,leisure2,5396,evening,000000060
2025-03-11 00:05:58,208930000000004,cinema,8524,night,000000060
2025-03-11 00:23:09,208930000000002,home,5592,night,000000040
2025-03-11 00:39:26,208930000000001,home,5005,night,000000060
2025-03-11 00:43:20,208930000000003,home,10024,night,000000030
2025-03-11 03:04:23,208930000000004,home,7695,night,000000040
2025-03-11 07:22:59,208930000000003,work,5492,morning,000000060
2025-03-11 07:25:01,208930000000002,work,6495,morning,000000060
2025-03-11 07:38:58,208930000000004,work,8877,morning,000000040
2025-03-11 09:07:36,208930000000001,coffee2,2082,morning,000000060
2025-03-11 09:15:03,208930000000003,gym2,4885,morning,000000030
2025-03-11 09:59:42,208930000000001,work,7708,morning,000000060
2025-03-11 10:13:11,208930000000004,coffee1,1997,morning,000000040
2025-03-11 10:51:25,208930000000004,work,2550,morning,000000040
2025-03-11 10:57:06,208930000000003,work,5157,morning,000000030
2025-03-11 11:33:47,208930000000001,leisure2,8525,lunch,000000060
2025-03-11 11:37:23,208930000000002,restaurant1,4693,lunch,000000030
2025-03-11 11:59:27,208930000000004,restaurant1,3798,lunch,000000030
2025-03-11 12:47:02,208930000000003,restaurant2,2879,lunch,000000040
2025-03-11 13:33:34,208930000000004,work,9315,lunch,000000040
2025-03-11 13:50:44,208930000000003,work,6413,lunch,000000030
2025-03-11 14:17:57,208930000000001,work,7325,afternoon,000000060
2025-03-11 14:28:51,208930000000002,leisure1,6489,afternoon,000000040
2025-03-11 15:41:45,208930000000001,leisure1,9016,afternoon,000000030
2025-03-11 16:17:45,208930000000003,leisure1,5162,afternoon,000000040
2025-03-11 16:46:54,208930000000004,leisure2,8137,afternoon,000000050
2025-03-11 17:18:46,208930000000002,restaurant2,3603,evening,000000040
2025-03-11 18:13:43,208930000000003,gym2,4922,evening,000000030
2025-03-11 18:40:59,208930000000001,restaurant1,3498,evening,000000060
2025-03-11 19:49:20,208930000000003,restaurant1,4222,evening,000000030
2025-03-11 19:57:17,208930000000002,gym1,4442,evening,000000040
2025-03-11 19:59:35,208930000000004,cinema,7952,evening,000000060
2025-03-11 20:27:38,208930000000001,leisure1,4201,evening,000000030
2025-03-11 21:10:58,208930000000001,restaurant2,3902,evening,000000030
2025-03-11 22:03:25,208930000000003,leisure1,8678,evening,000000040
2025-03-11 22:28:17,208930000000001,home,9938,evening,000000030
2025-03-11 23:09:37,208930000000004,home,6560,evening,000000040
2025-03-12 00:35:41,208930000000002,home,9330,night,000000040
2025-03-12 01:26:55,208930000000003,home,5699,night,000000040
2025-03-12 07:36:25,208930000000003,work,3895,morning,000000060
2025-03-12 07:41:58,208930000000004,coffee2,1820,morning,000000050
2025-03-12 08:22:24,208930000000001,work,2580,morning,000000060
2025-03-12 08:46:43,208930000000002,work,9566,morning,000000060
2025-03-12 08:52:09,208930000000004,work,4078,morning,000000040
2025-03-12 08:54:48,208930000000003,gym2,3150,morning,000000030
2025-03-12 10:59:35,208930000000001,coffee1,1710,morning,000000040
2025-03-12 11:24:19,208930000000002,restaurant2,723,lunch,000000040
2025-03-12 11:46:57,208930000000002,work,9501,lunch,000000030
2025-03-12 12:04:29,208930000000003,leisure2,7395,lunch,000000050
2025-03-12 12:05:10,208930000000001,restaurant1,3069,lunch,000000030
2025-03-12 12:28:00,208930000000004,park,1842,lunch,000000050
2025-03-12 13:17:05,208930000000001,work,6494,lunch,000000060
2025-03-12 13:50:32,208930000000003,restaurant2,2116,lunch,000000040
2025-03-12 14:38:06,208930000000004,work,6381,afternoon,000000040
2025-03-12 14:47:14,208930000000003,coffee2,1315,afternoon,000000050
2025-03-12 15:28:35,208930000000003,work,7846,afternoon,000000050
2025-03-12 16:06:51,208930000000001,leisure2,8605,afternoon,000000060
2025-03-12 17:12:57,208930000000003,leisure2,6590,evening,000000050
2025-03-12 17:16:13,208930000000004,leisure2,5624,evening,000000050
2025-03-12 17:35:13,208930000000001,restaurant2,4318,evening,000000030
2025-03-12 18:10:29,208930000000002,restaurant1,4723,evening,000000030
2025-03-12 18:58:11,208930000000001,home,7981,evening,000000030
2025-03-12 19:20:39,208930000000002,leisure2,3906,evening,000000050
2025-03-12 19:22:35,208930000000003,restaurant2,2048,evening,000000040
2025-03-12 19:25:07,208930000000004,restaurant1,4147,evening,000000060
2025-03-12 20:09:30,208930000000003,home,4716,evening,000000040
2025-03-12 20:15:00,208930000000002,restaurant2,4126,evening,000000040
2025-03-12 20:43:03,208930000000004,gym2,3548,evening,000000030
2025-03-12 21:07:12,208930000000001,restaurant1,5563,evening,000000030
2025-03-12 21:57:15,208930000000004,restaurant2,2802,evening,000000030
2025-03-12 22:11:56,208930000000002,leisure2,3667,evening,000000060
2025-03-12 22:49:18,208930000000003,restaurant1,3248,evening,000000030
2025-03-12 23:02:51,208930000000001,leisure1,6881,evening,000000030
2025-03-12 23:29:59,208930000000002,leisure1,6689,evening,000000040
2025-03-12 23:31:35,208930000000004,cinema,7084,evening,000000060
2025-03-13 00:30:32,208930000000003,home,10324,night,000000030
2025-03-13 01:15:05,208930000000001,home,4379,night,000000060
2025-03-13 01:44:09,208930000000002,home,7928,night,000000040
2025-03-13 02:29:06,208930000000004,home,3868,night,000000040
2025-03-13 07:37:50,208930000000004,work,7508,morning,000000040
2025-03-13 07:42:41,208930000000002,work,7148,morning,000000060
2025-03-13 09:48:15,208930000000004,coffee1,1953,morning,000000040
2025-03-13 10:03:20,208930000000003,work,6939,morning,000000060
2025-03-13 10:21:18,208930000000001,work,6726,morning,000000060
2025-03-13 10:25:22,208930000000004,work,10597,morning,000000040
2025-03-13 10:28:32,208930000000002,coffee2,1540,morning,000000050
2025-03-13 11:10:56,208930000000002,work,5205,lunch,000000050
2025-03-13 12:00:56,208930000000001,restaurant2,2890,lunch,000000030
2025-03-13 12:46:50,208930000000003,leisure2,5305,lunch,000000050
2025-03-13 13:00:23,208930000000001,work,6456,lunch,000000030
2025-03-13 13:30:06,208930000000002,leisure2,11437,lunch,000000050
2025-03-13 13:41:12,208930000000003,restaurant2,5899,lunch,000000040
2025-03-13 13:42:32,208930000000004,restaurant2,5018,lunch,000000040
2025-03-13 14:22:39,208930000000002,work,3581,afternoon,000000060
2025-03-13 15:00:29,208930000000001,leisure1,8583,afternoon,000000030
2025-03-13 15:15:48,208930000000003,coffee2,2349,afternoon,000000050
2025-03-13 15:21:18,208930000000004,leisure1,6239,afternoon,000000040
2025-03-13 16:08:22,208930000000003,work,6518,afternoon,000000050
2025-03-13 17:24:50,208930000000004,restaurant2,2739,evening,000000040
2025-03-13 18:20:32,208930000000001,leisure2,7759,evening,000000060
2025-03-13 18:26:50,208930000000004,leisure1,7995,evening,000000040
2025-03-13 18:54:00,208930000000002,leisure2,6612,evening,000000050
2025-03-13 19:23:03,208930000000003,cinema,9142,evening,000000060
2025-03-13 20:29:47,208930000000002,restaurant1,2825,evening,000000030
2025-03-13 20:57:15,208930000000004,home,5509,evening,000000040
2025-03-13 21:22:34,208930000000001,leisure1,7366,evening,000000030
2025-03-13 21:39:47,208930000000003,restaurant1,3308,evening,000000030
2025-03-13 21:51:29,208930000000002,leisure1,6095,evening,000000030
2025-03-13 22:47:45,208930000000004,gym1,2932,evening,000000040
2025-03-13 23:26:09,208930000000002,cinema,7401,evening,000000060
2025-03-13 23:54:02,208930000000003,restaurant2,2725,evening,000000040
2025-03-14 00:08:53,208930000000004,leisure1,6748,night,000000040
2025-03-14 00:37:08,208930000000002,home,5578,night,000000040
2025-03-14 00:45:55,208930000000003,home,7275,night,000000040
2025-03-14 01:12:29,208930000000001,home,8213,night,000000060
2025-03-14 02:13:46,208930000000004,home,5173,night,000000040
2025-03-14 07:38:52,208930000000003,coffee1,1965,morning,000000040
2025-03-14 07:44:00,208930000000001,work,6409,morning,000000050
2025-03-14 08:06:40,208930000000004,coffee1,1752,morning,000000040
2025-03-14 08:40:30,208930000000004,work,6051,morning,000000040
2025-03-14 08:56:43,208930000000002,work,8939,morning,000000060
2025-03-14 09:37:23,208930000000003,work,7700,morning,000000030
2025-03-14 10:41:06,208930000000004,coffee2,2269,morning,000000050
2025-03-14 11:33:20,208930000000004,restaurant2,2903,lunch,000000030
2025-03-14 11:40:20,208930000000002,restaurant1,2838,lunch,000000030
2025-03-14 11:46:51,208930000000001,restaurant2,2698,lunch,000000030
2025-03-14 12:39:45,208930000000004,work,8480,lunch,000000040
2025-03-14 12:46:16,208930000000001,work,5774,lunch,000000030
2025-03-14 12:56:56,208930000000002,work,8280,lunch,000000030
2025-03-14 14:01:02,208930000000002,restaurant2,4846,afternoon,000000040
2025-03-14 15:42:01,208930000000004,leisure2,6997,afternoon,000000050
2025-03-14 16:03:12,208930000000002,leisure1,8020,afternoon,000000030
2025-03-14 16:19:52,208930000000003,leisure2,9062,afternoon,000000050
2025-03-14 16:22:35,208930000000001,leisure2,5267,afternoon,000000060
2025-03-14 17:15:48,208930000000002,restaurant2,3739,evening,000000040
2025-03-14 18:04:43,208930000000004,restaurant2,5450,evening,000000030
2025-03-14 18:28:42,208930000000002,home,14484,evening,000000040
2025-03-14 19:40:47,208930000000002,restaurant2,2464,evening,000000040
2025-03-14 19:48:00,208930000000004,home,4908,evening,000000040
2025-03-14 20:33:33,208930000000002,gym2,4338,evening,000000030
2025-03-14 21:29:54,208930000000001,restaurant1,3144,evening,000000060
2025-03-14 21:30:16,208930000000004,gym2,2751,evening,000000030
2025-03-14 21:52:14,208930000000002,home,7455,evening,000000040
2025-03-14 22:48:24,208930000000003,gym1,4753,evening,000000050
2025-03-14 23:00:24,208930000000004,cinema,7776,evening,000000060
2025-03-15 00:36:33,208930000000003,cinema,8521,night,000000060
2025-03-15 01:50:04,208930000000003,home,8054,night,000000060
2025-03-15 01:53:24,208930000000001,home,7014,night,000000060
2025-03-15 02:09:08,208930000000004,home,7085,night,000000040
2025-03-15 07:10:12,208930000000002,work,8744,morning,000000060
2025-03-15 07:57:37,208930000000001,work,4505,morning,000000050
2025-03-15 08:58:55,208930000000004,coffee2,2177,morning,000000050
2025-03-15 09:24:04,208930000000003,work,10386,morning,000000060
2025-03-15 09:35:53,208930000000001,coffee1,1512,morning,000000040
2025-03-15 09:59:20,208930000000004,work,6523,morning,000000040
2025-03-15 10:03:20,208930000000002,coffee2,1794,morning,000000050
2025-03-15 10:49:32,208930000000001,coffee2,1805,morning,000000060
2025-03-15 10:56:12,208930000000002,work,5798,morning,000000050
2025-03-15 11:08:34,208930000000003,gym2,3863,lunch,000000030
2025-03-15 11:30:43,208930000000001,work,9807,lunch,000000060
2025-03-15 12:13:05,208930000000004,restaurant1,5978,lunch,000000030
2025-03-15 12:37:37,208930000000003,work,6469,lunch,000000030
2025-03-15 13:16:15,208930000000001,leisure2,5262,lunch,000000060
2025-03-15 13:32:42,208930000000002,restaurant1,4397,lunch,000000030
2025-03-15 14:27:43,208930000000004,work,7349,afternoon,000000040
2025-03-15 14:41:59,208930000000001,leisure1,7458,afternoon,000000030
2025-03-15 15:05:07,208930000000002,work,7181,afternoon,000000030
2025-03-15 16:49:29,208930000000003,coffee2,1337,afternoon,000000050
2025-03-15 17:11:44,208930000000004,leisure2,7056,evening,000000050
2025-03-15 17:16:55,208930000000001,leisure2,3884,evening,000000060
2025-03-15 17:25:14,208930000000003,home,7431,evening,000000050
2025-03-15 17:52:45,208930000000002,restaurant2,2352,evening,000000040
2025-03-15 18:39:26,208930000000002,home,8089,evening,000000040
2025-03-15 19:09:52,208930000000001,restaurant1,4900,evening,000000060
2025-03-15 19:40:41,208930000000004,restaurant1,5494,evening,000000060
2025-03-15 19:55:13,208930000000003,restaurant2,1852,evening,000000040
2025-03-15 20:42:18,208930000000003,home,8019,evening,000000040
2025-03-15 20:46:15,208930000000001,gym2,3990,evening,000000030
2025-03-15 21:22:58,208930000000002,restaurant2,1556,evening,000000040
2025-03-15 22:19:24,208930000000001,gym1,3346,evening,000000050
2025-03-15 22:49:33,208930000000002,restaurant1,1520,evening,000000030
2025-03-15 23:19:01,208930000000003,restaurant1,3450,evening,000000030
2025-03-15 23:42:47,208930000000004,home,8662,evening,000000040
2025-03-15 23:46:34,208930000000001,restaurant1,2966,evening,000000060
2025-03-16 00:32:21,208930000000003,home,6267,night,000000030
2025-03-16 00:56:07,208930000000001,home,7899,night,000000060
2025-03-16 01:55:17,208930000000002,home,5584,night,000000060
2025-03-16 07:38:44,208930000000001,work,10784,morning,000000060
2025-03-16 08:29:44,208930000000003,coffee1,1679,morning,000000040
2025-03-16 08:30:13,208930000000002,work,7728,morning,000000060
2025-03-16 09:00:00,208930000000004,work,8476,morning,000000040
2025-03-16 09:14:44,208930000000001,gym1,2540,morning,000000050
2025-03-16 09:53:10,208930000000003,work,5635,morning,000000060
2025-03-16 10:58:26,208930000000001,coffee2,1552,morning,000000060
2025-03-16 11:55:32,208930000000004,restaurant1,3410,lunch,000000030
2025-03-16 12:02:53,208930000000003,restaurant2,3623,lunch,000000040
2025-03-16 12:28:34,208930000000002,restaurant1,4242,lunch,000000060
2025-03-16 12:50:47,208930000000001,restaurant1,817,lunch,000000060
2025-03-16 13:16:04,208930000000003,work,9021,lunch,000000030
2025-03-16 13:33:45,208930000000004,work,7666,lunch,000000040
2025-03-16 14:10:51,208930000000002,park,1901,afternoon,000000050
2025-03-16 14:30:12,208930000000001,leisure2,9747,afternoon,000000060
2025-03-16 14:49:55,208930000000003,leisure2,6427,afternoon,000000050
2025-03-16 15:23:28,208930000000002,coffee1,1659,afternoon,000000040
2025-03-16 15:38:36,208930000000003,leisure1,10557,afternoon,000000030
2025-03-16 15:54:55,208930000000004,leisure1,4685,afternoon,000000040
2025-03-16 16:12:17,208930000000002,work,8206,afternoon,000000050
2025-03-16 17:34:42,208930000000003,restaurant1,1427,evening,000000030
2025-03-16 17:43:26,208930000000004,gym2,4078,evening,000000030
2025-03-16 17:52:16,208930000000001,home,10317,evening,000000060
2025-03-16 18:39:26,208930000000003,leisure1,10811,evening,000000030
2025-03-16 18:41:24,208930000000002,cinema,8559,evening,000000060
2025-03-16 19:30:08,208930000000001,leisure2,6142,evening,000000060
2025-03-16 19:32:24,208930000000004,cinema,8947,evening,000000060
2025-03-16 19:43:43,208930000000002,leisure2,6134,evening,000000050
2025-03-16 20:31:33,208930000000002,restaurant1,3209,evening,000000030
2025-03-16 21:19:21,208930000000003,gym2,4182,evening,000000030
2025-03-16 21:43:34,208930000000002,home,6941,evening,000000030
2025-03-16 22:42:23,208930000000003,restaurant2,3153,evening,000000030
2025-03-16 22:57:27,208930000000004,home,3572,evening,000000040
2025-03-16 23:54:09,208930000000001,leisure1,4653,evening,000000030
2025-03-16 23:57:31,208930000000002,gym1,4158,evening,000000040
2025-03-17 00:04:46,208930000000003,home,6961,night,000000040
2025-03-17 00:40:16,208930000000004,restaurant1,2493,night,000000030
2025-03-17 01:04:39,208930000000001,home,9658,night,000000060
2025-03-17 01:20:14,208930000000002,home,6859,night,000000040
2025-03-17 01:44:23,208930000000004,home,7361,night,000000040
2025-03-17 07:53:01,208930000000002,work,7555,morning,000000060
2025-03-17 07:59:22,208930000000003,work,6676,morning,000000060
2025-03-17 08:18:31,208930000000001,work,6910,morning,000000060
2025-03-17 08:46:04,208930000000004,work,7334,morning,000000040
2025-03-17 09:26:02,208930000000002,coffee1,1822,morning,000000040
2025-03-17 10:26:11,208930000000002,work,9022,morning,000000060
2025-03-17 10:28:42,208930000000001,gym1,3795,morning,000000050
2025-03-17 11:05:12,208930000000001,work,10571,lunch,000000060
2025-03-17 11:13:09,208930000000004,coffee2,1939,lunch,000000050
2025-03-17 12:55:21,208930000000004,restaurant2,3974,lunch,000000030
2025-03-18 11:00:40,208930000000001,restaurant1,2252,lunch,000000030
2025-03-18 12:03:13,208930000000004,work,6740,lunch,000000040
2025-03-18 12:43:16,208930000000002,restaurant2,1989,lunch,000000030
2025-03-18 13:59:01,208930000000002,restaurant1,5142,lunch,000000030
2025-03-18 14:11:39,208930000000001,work,8359,afternoon,000000060
2025-03-18 14:34:21,208930000000004,restaurant1,3698,afternoon,000000030
2025-03-18 15:36:18,208930000000001,leisure1,6539,afternoon,000000030
2025-03-18 15:52:55,208930000000002,leisure1,6167,afternoon,000000030
2025-03-18 16:19:21,208930000000004,work,9271,afternoon,000000040
2025-03-18 16:33:53,208930000000001,work,5890,afternoon,000000060
2025-03-18 17:07:01,208930000000003,leisure1,3615,evening,000000040
2025-03-18 17:25:06,208930000000002,restaurant2,4581,evening,000000040
2025-03-18 17:47:59,208930000000003,restaurant2,2235,evening,000000040
2025-03-18 17:59:37,208930000000001,restaurant1,4047,evening,000000060
2025-03-18 18:50:55,208930000000002,home,6146,evening,000000040
2025-03-18 19:00:14,208930000000003,leisure2,3238,evening,000000060
2025-03-18 19:04:49,208930000000004,home,5923,evening,000000040
2025-03-18 19:39:41,208930000000001,leisure1,7509,evening,000000030
2025-03-18 20:24:24,208930000000002,restaurant1,2066,evening,000000030
2025-03-18 20:43:57,208930000000001,restaurant1,5671,evening,000000060
2025-03-18 20:50:48,208930000000003,leisure1,9491,evening,000000040
2025-03-18 21:05:41,208930000000004,gym2,3501,evening,000000030
2025-03-18 21:21:08,208930000000002,home,6267,evening,000000030
2025-03-18 22:25:05,208930000000004,home,9404,evening,000000040
2025-03-18 23:54:49,208930000000002,leisure1,7580,evening,000000040
2025-03-18 23:57:08,208930000000003,leisure2,3591,evening,000000050
2025-03-19 00:01:10,208930000000001,home,6917,night,000000060
2025-03-19 01:28:53,208930000000003,home,6695,night,000000050
2025-03-19 01:50:36,208930000000002,home,4841,night,000000050
2025-03-19 07:09:06,208930000000001,work,6073,morning,000000060
2025-03-19 07:43:17,208930000000004,coffee2,1622,morning,000000050
2025-03-19 08:09:38,208930000000003,coffee1,1100,morning,000000040
2025-03-19 08:25:04,208930000000002,gym2,4047,morning,000000030
2025-03-19 08:38:46,208930000000004,work,8227,morning,000000040
2025-03-19 08:40:24,208930000000001,gym2,3937,morning,000000030
2025-03-19 09:45:46,208930000000003,work,3117,morning,000000050
2025-03-19 10:13:47,208930000000002,work,9440,morning,000000060
2025-03-19 10:40:28,208930000000003,gym1,5173,morning,000000040
2025-03-19 11:04:04,208930000000001,work,5527,lunch,000000060
2025-03-19 11:17:14,208930000000004,coffee2,1987,lunch,000000050
2025-03-19 11:59:52,208930000000002,leisure1,7078,lunch,000000040
2025-03-19 12:08:50,208930000000001,restaurant1,2695,lunch,000000060
2025-03-19 12:12:01,208930000000004,restaurant1,4641,lunch,000000060
2025-03-19 12:14:33,208930000000003,park,1946,lunch,000000050
2025-03-19 13:16:58,208930000000002,restaurant1,4233,lunch,000000030
2025-03-19 13:18:02,208930000000001,leisure2,3638,lunch,000000060
2025-03-19 13:58:03,208930000000003,restaurant2,1854,lunch,000000040
2025-03-19 14:21:27,208930000000004,work,6896,afternoon,000000040
2025-03-19 14:43:44,208930000000003,leisure1,6768,afternoon,000000040
2025-03-19 15:06:38,208930000000001,leisure1,6922,afternoon,000000030
2025-03-19 15:07:08,208930000000002,work,8045,afternoon,000000060
2025-03-19 15:32:46,208930000000003,coffee1,2503,afternoon,000000040
2025-03-19 16:30:09,208930000000001,leisure2,7328,afternoon,000000060
2025-03-19 16:48:45,208930000000003,leisure2,8153,afternoon,000000050
2025-03-19 17:05:19,208930000000002,coffee1,1570,evening,000000040
2025-03-19 17:05:55,208930000000004,leisure2,10481,evening,000000050
2025-03-19 17:50:15,208930000000002,restaurant2,2623,evening,000000040
2025-03-19 17:53:12,208930000000003,leisure1,6710,evening,000000040
2025-03-19 18:06:08,208930000000001,restaurant1,3311,evening,000000060
2025-03-19 19:39:37,208930000000001,leisure1,5517,evening,000000030
2025-03-19 19:44:46,208930000000002,home,4029,evening,000000040
2025-03-19 20:42:29,208930000000004,cinema,8011,evening,000000060
2025-03-19 20:51:28,208930000000003,cinema,7832,evening,000000060
2025-03-19 21:30:09,208930000000002,leisure2,7643,evening,000000050
2025-03-19 22:10:54,208930000000001,cinema,8926,evening,000000060
2025-03-19 22:27:22,208930000000003,restaurant2,4404,evening,000000040
2025-03-19 23:04:42,208930000000002,gym2,4414,evening,000000030
2025-03-20 00:00:25,208930000000001,gym2,3958,night,000000030
2025-03-20 00:15:34,208930000000003,leisure1,9710,night,000000040
2025-03-20 00:26:36,208930000000004,leisure1,5155,night,000000030
2025-03-20 00:29:18,208930000000002,home,4677,night,000000030
2025-03-20 01:18:44,208930000000001,home,6997,night,000000030
2025-03-20 02:03:25,208930000000004,home,4843,night,000000040
2025-03-20 02:58:55,208930000000003,home,5563,night,000000040
2025-03-20 08:07:53,208930000000002,work,7505,morning,000000060
2025-03-20 08:29:57,208930000000003,work,6817,morning,000000060
2025-03-20 08:30:46,208930000000001,work,7558,morning,000000060
2025-03-20 09:12:06,208930000000004,coffee1,1787,morning,000000040
2025-03-20 09:46:15,208930000000004,work,7356,morning,000000040
2025-03-20 11:55:45,208930000000003,park,2013,lunch,000000050
2025-03-20 12:02:55,208930000000004,restaurant2,3949,lunch,000000040
2025-03-20 12:39:54,208930000000002,restaurant1,2923,lunch,000000030
2025-03-20 12:55:07,208930000000003,work,10281,lunch,000000060
2025-03-20 13:46:51,208930000000001,restaurant2,7023,lunch,000000040
2025-03-20 14:32:15,208930000000002,coffee1,1774,afternoon,000000040
2025-03-20 15:38:51,208930000000004,leisure1,8928,afternoon,000000030
2025-03-20 16:14:52,208930000000003,leisure1,3931,afternoon,000000040
2025-03-20 16:37:37,208930000000002,leisure2,8495,afternoon,000000050
2025-03-20 16:46:01,208930000000001,leisure1,4861,afternoon,000000030
2025-03-20 17:16:12,208930000000003,work,7747,evening,000000050
2025-03-20 18:27:44,208930000000004,restaurant2,4720,evening,000000030
2025-03-20 18:58:42,208930000000001,leisure2,10356,evening,000000060
2025-03-20 19:15:34,208930000000003,gym1,2420,evening,000000040
2025-03-20 19:21:09,208930000000002,leisure1,7538,evening,000000040
2025-03-20 20:04:43,208930000000004,home,8659,evening,000000040
2025-03-20 20:23:51,208930000000001,restaurant1,4281,evening,000000060
2025-03-20 20:38:24,208930000000003,restaurant1,4283,evening,000000030
2025-03-20 20:40:57,208930000000002,gym2,3222,evening,000000030
2025-03-20 21:12:45,208930000000001,gym1,3949,evening,000000050
2025-03-20 21:24:50,208930000000003,restaurant2,4910,evening,000000040
2025-03-20 22:50:51,208930000000004,leisure1,6949,evening,000000040
2025-03-20 23:02:14,208930000000002,restaurant1,4122,evening,000000030
2025-03-21 00:09:08,208930000000003,home,8062,night,000000040
2025-03-21 00:49:40,208930000000002,home,7884,night,000000040
2025-03-21 00:57:35,208930000000004,home,7599,night,000000040
2025-03-21 01:37:16,208930000000001,home,8471,night,000000050
2025-03-21 07:31:05,208930000000004,work,7923,morning,000000040
2025-03-21 07:47:03,208930000000002,coffee1,1776,morning,000000040
2025-03-21 07:47:12,208930000000001,coffee1,1251,morning,000000040
2025-03-21 08:15:04,208930000000001,home,10582,morning,000000040
2025-03-21 08:18:42,208930000000003,work,7216,morning,000000060
2025-03-21 09:20:13,208930000000002,coffee2,2088,morning,000000050
2025-03-21 09:35:30,208930000000001,work,7866,morning,000000060
2025-03-21 10:10:23,208930000000002,work,7470,morning,000000050
2025-03-21 10:11:08,208930000000004,coffee2,1884,morning,000000050
2025-03-21 11:09:14,208930000000004,work,7567,lunch,000000040
2025-03-21 11:57:57,208930000000003,restaurant1,2907,lunch,000000030
2025-03-21 12:24:33,208930000000001,park,1668,lunch,000000050
2025-03-21 13:00:39,208930000000002,park,1635,lunch,000000050
2025-03-21 13:36:12,208930000000004,restaurant2,4563,lunch,000000040
2025-03-21 14:29:40,208930000000003,work,5914,afternoon,000000060
2025-03-21 14:38:38,208930000000002,leisure2,9870,afternoon,000000050
2025-03-21 14:51:09,208930000000001,coffee2,1795,afternoon,000000060
2025-03-21 15:24:56,208930000000004,leisure2,4548,afternoon,000000060
2025-03-21 15:56:53,208930000000001,work,7467,afternoon,000000060
2025-03-21 16:16:04,208930000000002,work,7803,afternoon,000000060
2025-03-21 17:00:50,208930000000001,leisure1,8653,evening,000000030
2025-03-21 17:16:00,208930000000004,coffee1,1883,evening,000000040
2025-03-21 17:58:39,208930000000004,home,3804,evening,000000040
2025-03-21 18:06:59,208930000000003,leisure1,5987,evening,000000040
2025-03-21 19:16:07,208930000000004,restaurant2,3398,evening,000000040
2025-03-21 19:27:40,208930000000002,restaurant2,3014,evening,000000040
2025-03-21 19:37:20,208930000000001,leisure2,5713,evening,000000060
2025-03-21 20:24:53,208930000000004,home,6364,evening,000000040
2025-03-21 20:38:35,208930000000003,cinema,8042,evening,000000060
2025-03-21 20:48:30,208930000000002,leisure1,7502,evening,000000040
2025-03-21 21:46:23,208930000000001,leisure1,9881,evening,000000030
2025-03-21 22:27:56,208930000000004,leisure1,7321,evening,000000040
2025-03-21 22:55:28,208930000000002,restaurant2,3447,evening,000000040
2025-03-21 23:59:59,208930000000003,leisure1,9028,evening,000000040
2025-03-22 00:45:49,208930000000004,home,6897,night,000000040
2025-03-22 01:31:47,208930000000003,home,2951,night,000000040
2025-03-22 01:31:57,208930000000002,home,5883,night,000000050
2025-03-22 02:09:13,208930000000001,home,6242,night,000000060
2025-03-22 07:26:59,208930000000001,coffee2,2090,morning,000000060
2025-03-22 08:36:19,208930000000003,gym1,2603,morning,000000040
2025-03-22 08:47:08,208930000000002,coffee2,1739,morning,000000050
2025-03-22 09:09:32,208930000000004,coffee1,1673,morning,000000040
2025-03-22 09:18:36,208930000000001,work,8811,morning,000000060
2025-03-22 09:49:26,208930000000002,home,7332,morning,000000050
2025-03-22 09:50:32,208930000000004,home,5955,morning,000000040
2025-03-22 10:02:37,208930000000003,coffee1,1522,morning,000000040
2025-03-22 10:43:54,208930000000003,home,6840,morning,000000040
2025-03-22 11:58:31,208930000000004,restaurant1,4168,lunch,000000030
2025-03-22 12:23:30,208930000000003,restaurant2,2486,lunch,000000040
2025-03-22 12:29:59,208930000000001,park,2046,lunch,000000050
2025-03-22 12:41:35,208930000000002,restaurant1,5163,lunch,000000030
2025-03-22 13:51:40,208930000000004,work,7538,lunch,000000040
2025-03-22 14:32:10,208930000000001,coffee1,1694,afternoon,000000040
2025-03-22 14:34:37,208930000000002,work,8900,afternoon,000000060
2025-03-22 14:39:18,208930000000003,leisure1,6978,afternoon,000000040
2025-03-22 15:17:59,208930000000001,work,5786,afternoon,000000060
2025-03-22 16:02:15,208930000000004,coffee1,2010,afternoon,000000040
2025-03-22 16:15:46,208930000000002,leisure2,5159,afternoon,000000050
2025-03-22 17:13:01,208930000000001,leisure2,6620,evening,000000060
2025-03-22 17:17:55,208930000000004,leisure2,11086,evening,000000050
2025-03-22 17:21:47,208930000000003,restaurant2,4194,evening,000000040
2025-03-22 17:44:02,208930000000002,restaurant1,4446,evening,000000030
2025-03-22 19:17:04,208930000000002,home,6651,evening,000000030
2025-03-22 19:25:43,208930000000001,cinema,8984,evening,000000060
2025-03-22 20:15:36,208930000000002,gym2,3730,evening,000000030
2025-03-22 20:42:52,208930000000001,leisure1,10403,evening,000000030
2025-03-22 20:51:28,208930000000004,restaurant2,1783,evening,000000030
2025-03-22 20:56:54,208930000000003,gym1,4705,evening,000000040
2025-03-22 21:42:31,208930000000002,home,7546,evening,000000030
2025-03-22 22:11:38,208930000000004,leisure2,8836,evening,000000060
2025-03-22 22:38:03,208930000000003,restaurant1,1841,evening,000000030
2025-03-23 00:01:37,208930000000002,leisure1,6605,night,000000040
2025-03-23 00:23:38,208930000000003,home,10156,night,000000030
2025-03-23 01:03:42,208930000000004,home,6370,night,000000040
2025-03-23 01:24:46,208930000000002,home,4975,night,000000040
2025-03-23 01:51:19,208930000000001,home,8402,night,000000030
2025-03-23 07:27:43,208930000000001,work,5862,morning,000000060
2025-03-23 07:41:18,208930000000002,work,7663,morning,000000060
2025-03-23 08:40:02,208930000000003,work,4477,morning,000000060
2025-03-23 09:13:14,208930000000004,coffee1,1584,morning,000000040
2025-03-23 09:58:42,208930000000004,gym1,3459,morning,000000040
2025-03-23 10:09:37,208930000000002,coffee2,1816,morning,000000050
2025-03-23 10:13:07,208930000000001,coffee1,2254,morning,000000040
2025-03-23 11:18:28,208930000000002,restaurant1,5095,lunch,000000030
2025-03-23 11:21:18,208930000000004,work,7080,lunch,000000040
2025-03-23 11:30:15,208930000000001,work,8374,lunch,000000060
2025-03-23 13:52:25,208930000000004,restaurant1,4901,lunch,000000030
2025-03-23 14:25:40,208930000000003,coffee2,1536,afternoon,000000050
2025-03-23 14:59:41,208930000000002,coffee2,2159,afternoon,000000060
2025-03-23 15:04:22,208930000000003,work,7618,afternoon,000000050
2025-03-23 15:26:10,208930000000001,leisure2,6048,afternoon,000000060
2025-03-23 15:52:13,208930000000004,coffee2,2059,afternoon,000000060
2025-03-23 16:22:56,208930000000002,work,8018,afternoon,000000060
2025-03-23 16:57:53,208930000000004,work,9290,afternoon,000000040
2025-03-23 17:58:05,208930000000003,leisure2,7680,evening,000000050
2025-03-23 18:02:23,208930000000001,leisure1,7462,evening,000000030
2025-03-23 19:12:43,208930000000002,leisure2,8220,evening,000000050
2025-03-23 19:32:00,208930000000003,leisure1,4318,evening,000000030
2025-03-23 19:40:42,208930000000004,home,6814,evening,000000040
2025-03-23 20:30:12,208930000000001,leisure2,6611,evening,000000060
2025-03-23 21:00:28,208930000000003,home,8489,evening,000000030
2025-03-23 21:53:54,208930000000001,restaurant1,2037,evening,000000060
2025-03-23 21:55:46,208930000000002,restaurant1,2697,evening,000000030
2025-03-23 21:57:39,208930000000004,leisure1,4923,evening,000000040
2025-03-23 22:38:45,208930000000003,restaurant1,4813,evening,000000030
2025-03-23 23:39:13,208930000000004,home,7168,evening,000000040
2025-03-24 00:01:21,208930000000001,gym2,3823,night,000000030
2025-03-24 00:21:03,208930000000002,home,9443,night,000000040
2025-03-24 00:42:20,208930000000003,home,5040,night,000000040
2025-03-24 01:51:11,208930000000001,home,6966,night,000000040
2025-03-24 07:37:30,208930000000004,coffee2,1696,morning,000000050
2025-03-24 08:04:24,208930000000002,work,7392,morning,000000060
2025-03-24 08:14:14,208930000000003,work,6688,morning,000000060
2025-03-24 08:24:57,208930000000001,gym2,2895,morning,000000030
2025-03-24 08:37:03,208930000000004,work,7674,morning,000000040
2025-03-24 10:02:04,208930000000001,coffee2,2292,morning,000000060
2025-03-24 10:58:23,208930000000001,work,6467,morning,000000060
2025-03-24 11:04:46,208930000000004,gym1,3644,lunch,000000040
2025-03-24 11:49:32,208930000000003,restaurant1,2965,lunch,000000030
2025-03-24 12:35:01,208930000000004,restaurant1,3809,lunch,000000030
2025-03-24 12:43:01,208930000000001,restaurant1,3656,lunch,000000060
2025-03-24 13:58:31,208930000000003,work,7109,lunch,000000060
2025-03-24 14:28:05,208930000000004,park,1865,afternoon,000000050
2025-03-24 15:17:26,208930000000001,leisure2,10382,afternoon,000000060
2025-03-24 15:50:15,208930000000004,work,4539,afternoon,000000040
2025-03-24 17:12:28,208930000000004,home,7725,evening,000000040
2025-03-24 17:52:01,208930000000002,cinema,7716,evening,000000060
2025-03-24 19:52:26,208930000000004,gym2,4208,evening,000000030
2025-03-24 20:03:04,208930000000001,restaurant1,2543,evening,000000060
2025-03-24 20:22:06,208930000000002,restaurant2,2619,evening,000000040
2025-03-24 20:22:38,208930000000003,leisure1,6566,evening,000000040
2025-03-24 21:56:54,208930000000001,leisure2,6006,evening,000000060
2025-03-24 22:06:20,208930000000002,restaurant1,3560,evening,000000030
2025-03-24 22:13:59,208930000000004,cinema,8175,evening,000000060
2025-03-24 23:08:40,208930000000003,gym1,4634,evening,000000040
2025-03-24 23:34:31,208930000000002,gym2,4341,evening,000000030
2025-03-25 00:29:31,208930000000003,leisure2,6648,night,000000050
2025-03-25 01:01:29,208930000000002,home,7269,night,000000040
2025-03-25 01:10:49,208930000000001,home,7032,night,000000060
2025-03-25 01:27:18,208930000000004,home,2701,night,000000040
2025-03-25 02:58:06,208930000000003,home,10354,night,000000050
2025-03-25 07:20:55,208930000000004,work,2511,morning,000000040
2025-03-25 08:05:42,208930000000001,coffee2,2335,morning,000000050
2025-03-25 08:06:14,208930000000004,coffee1,1398,morning,000000040
2025-03-25 08:22:24,208930000000003,coffee2,2186,morning,000000050
2025-03-25 08:35:26,208930000000004,work,6219,morning,000000040
2025-03-25 08:38:53,208930000000002,coffee1,1440,morning,000000040
2025-03-25 08:59:11,208930000000001,work,8571,morning,000000050
2025-03-25 09:17:45,208930000000003,work,5847,morning,000000050
2025-03-25 09:42:31,208930000000002,work,7571,morning,000000060
2025-03-25 10:37:57,208930000000004,coffee2,1923,morning,000000050
2025-03-25 11:14:37,208930000000002,gym1,3018,lunch,000000040
2025-03-25 11:29:56,208930000000004,work,5474,lunch,000000040
2025-03-25 11:45:31,208930000000003,restaurant1,4879,lunch,000000030
2025-03-25 12:59:38,208930000000001,restaurant2,3445,lunch,000000030
2025-03-25 13:17:16,208930000000002,leisure2,7783,lunch,000000050
2025-03-26 10:18:41,208930000000004,park,1798,morning,000000050
2025-03-26 11:19:41,208930000000003,work,6899,lunch,000000060
2025-03-26 11:36:25,208930000000004,coffee1,1490,lunch,000000040
2025-03-26 12:21:51,208930000000002,restaurant1,4013,lunch,000000050
2025-03-26 12:24:54,208930000000004,restaurant1,1601,lunch,000000030
2025-03-26 13:09:52,208930000000003,restaurant1,5131,lunch,000000030
2025-03-26 13:32:01,208930000000001,work,10376,lunch,000000030
2025-03-26 13:38:34,208930000000004,park,1982,lunch,000000050
2025-03-26 14:00:52,208930000000002,work,8374,afternoon,000000050
2025-03-26 14:43:39,208930000000004,leisure2,9431,afternoon,000000050
2025-03-26 15:16:49,208930000000001,coffee2,1736,afternoon,000000060
2025-03-26 15:25:27,208930000000003,work,4998,afternoon,000000060
2025-03-26 15:57:53,208930000000001,work,8408,afternoon,000000060
2025-03-26 16:45:10,208930000000002,leisure1,9255,afternoon,000000030
2025-03-26 17:52:57,208930000000004,cinema,8495,evening,000000060
2025-03-26 18:19:32,208930000000003,gym1,2621,evening,000000040
2025-03-26 18:24:59,208930000000002,leisure2,8326,evening,000000050
2025-03-26 18:34:39,208930000000001,leisure1,5681,evening,000000030
2025-03-26 19:36:21,208930000000003,gym2,3278,evening,000000030
2025-03-26 20:29:21,208930000000001,restaurant2,3625,evening,000000030
2025-03-26 21:10:46,208930000000004,home,6966,evening,000000040
2025-03-26 21:12:44,208930000000003,leisure1,6638,evening,000000040
2025-03-26 21:56:51,208930000000001,restaurant1,3359,evening,000000060
2025-03-26 23:23:47,208930000000001,restaurant2,3841,evening,000000030
2025-03-26 23:40:59,208930000000004,leisure2,5586,evening,000000050
2025-03-27 00:19:34,208930000000002,restaurant1,3997,night,000000030
2025-03-27 00:19:44,208930000000003,gym2,3203,night,000000030
2025-03-27 00:37:28,208930000000001,home,8765,night,000000030
2025-03-27 01:28:10,208930000000003,home,10143,night,000000030
2025-03-27 01:35:17,208930000000004,home,10619,night,000000040
2025-03-27 01:41:23,208930000000002,home,5205,night,000000030
2025-03-27 07:48:10,208930000000002,work,7669,morning,000000030
2025-03-27 07:54:02,208930000000004,coffee2,2133,morning,000000050
2025-03-27 08:15:50,208930000000001,work,5770,morning,000000030
2025-03-27 08:38:04,208930000000003,gym2,3086,morning,000000030
2025-03-27 08:53:33,208930000000004,work,7012,morning,000000040
2025-04-01 10:51:34,208930000000003,work,9437,morning,000000050
2025-04-01 11:13:51,208930000000002,restaurant2,3200,lunch,000000040
2025-04-01 11:48:03,208930000000004,restaurant2,4526,lunch,000000030
2025-04-01 11:58:22,208930000000001,restaurant1,2623,lunch,000000060
2025-04-01 12:25:28,208930000000002,leisure1,7015,lunch,000000040
2025-04-01 13:12:21,208930000000001,leisure1,7964,lunch,000000030
2025-04-01 13:30:55,208930000000004,leisure2,5989,lunch,000000060
2025-04-01 13:54:37,208930000000002,work,5652,lunch,000000060
2025-04-01 14:33:18,208930000000001,work,8086,afternoon,000000060
2025-04-01 15:00:28,208930000000003,leisure1,6471,afternoon,000000040
2025-04-01 15:27:38,208930000000004,coffee2,1607,afternoon,000000060
2025-04-01 16:15:19,208930000000004,leisure2,6124,afternoon,000000060
2025-04-01 16:35:06,208930000000002,leisure2,9049,afternoon,000000050
2025-04-01 17:16:48,208930000000003,work,7426,evening,000000030
2025-04-01 18:28:09,208930000000004,restaurant1,4189,evening,000000060
2025-04-01 18:29:40,208930000000001,leisure1,7748,evening,000000030
2025-04-01 19:18:36,208930000000003,leisure1,4530,evening,000000040
2025-04-01 20:03:27,208930000000004,home,7025,evening,000000040
2025-04-01 20:54:50,208930000000003,restaurant2,3691,evening,000000040
2025-04-01 21:38:51,208930000000001,cinema,9089,evening,000000060
2025-04-01 22:38:40,208930000000003,leisure1,5780,evening,000000040
2025-04-01 22:44:49,208930000000004,leisure2,9461,evening,000000050
2025-04-01 22:53:36,208930000000001,gym1,2500,evening,000000050
2025-04-01 23:41:26,208930000000002,leisure1,6914,evening,000000030
2025-04-01 23:59:36,208930000000001,home,5424,evening,000000050
2025-04-02 00:07:33,208930000000002,home,5441,night,000000040
2025-04-02 00:23:41,208930000000003,home,5913,night,000000040
2025-04-02 01:51:02,208930000000004,home,8269,night,000000040
2025-04-02 07:34:29,208930000000002,gym1,3101,morning,000000040
2025-04-02 07:44:54,208930000000003,work,7140,morning,000000060
2025-04-02 08:11:34,208930000000001,work,4579,morning,000000060
2025-04-02 08:38:21,208930000000004,work,6044,morning,000000040
2025-04-02 09:07:29,208930000000002,work,6976,morning,000000050
2025-04-02 10:26:57,208930000000002,coffee1,1773,morning,000000040
2025-04-02 10:42:05,208930000000004,coffee2,1957,morning,000000050
2025-04-02 11:28:33,208930000000002,work,6624,lunch,000000060
2025-04-02 11:35:13,208930000000004,work,7761,lunch,000000040
2025-04-02 12:43:46,208930000000002,restaurant1,5460,lunch,000000030
2025-04-02 12:44:30,208930000000001,restaurant1,4631,lunch,000000060
2025-04-02 14:17:01,208930000000004,restaurant1,1795,afternoon,000000030
2025-04-02 14:58:55,208930000000001,leisure1,3945,afternoon,000000030
2025-04-02 15:15:53,208930000000004,leisure1,6566,afternoon,000000030
2025-04-02 15:24:46,208930000000002,work,7819,afternoon,000000060
2025-04-02 15:26:49,208930000000003,leisure1,8767,afternoon,000000040
2025-04-02 16:40:55,208930000000001,work,7897,afternoon,000000030
2025-04-02 17:49:39,208930000000004,gym1,2666,evening,000000040
2025-04-02 18:07:18,208930000000001,restaurant2,2981,evening,000000030
2025-04-02 18:20:28,208930000000002,leisure1,6198,evening,000000040
2025-04-02 18:49:13,208930000000003,restaurant1,2839,evening,000000030
2025-04-02 19:18:17,208930000000004,restaurant1,4183,evening,000000030
2025-04-02 20:24:37,208930000000003,cinema,8875,evening,000000060
2025-04-02 20:40:21,208930000000004,gym2,2855,evening,000000030
2025-04-02 20:52:45,208930000000002,cinema,8527,evening,000000060
2025-04-02 21:36:58,208930000000004,restaurant2,2477,evening,000000030
2025-04-02 22:25:22,208930000000001,gym2,3265,evening,000000030
2025-04-02 22:36:21,208930000000004,leisure1,8059,evening,000000030
2025-04-02 23:18:40,208930000000003,restaurant1,4059,evening,000000030
2025-04-03 00:17:06,208930000000001,cinema,9141,night,000000060
2025-04-03 00:30:43,208930000000003,home,6858,night,000000040
2025-04-03 01:06:04,208930000000004,home,6248,night,000000040
2025-04-03 01:23:43,208930000000002,home,4882,night,000000040
2025-04-03 01:47:57,208930000000001,home,8348,night,000000060
2025-04-03 07:09:46,208930000000001,work,6228,morning,000000060
2025-04-03 07:23:41,208930000000004,work,4603,morning,000000040
2025-04-03 08:40:59,208930000000003,work,6879,morning,000000060
2025-04-03 08:46:42,208930000000004,home,4402,morning,000000040
2025-04-03 09:00:02,208930000000002,coffee1,2249,morning,000000040
2025-04-03 10:09:46,208930000000001,coffee1,1570,morning,000000040
2025-04-03 10:10:05,208930000000004,work,5996,morning,000000040
2025-04-03 10:14:59,208930000000002,work,8510,morning,000000060
2025-04-03 10:46:57,208930000000003,coffee2,1593,morning,000000050
2025-04-03 11:00:05,208930000000001,home,4167,lunch,000000040
2025-04-03 11:49:55,208930000000001,leisure2,7119,lunch,000000060
2025-04-03 12:01:56,208930000000002,restaurant2,3752,lunch,000000040
2025-04-03 12:18:43,208930000000004,restaurant1,4347,lunch,000000030
2025-04-03 12:20:09,208930000000003,leisure1,7487,lunch,000000040
2025-04-03 13:13:48,208930000000002,work,5649,lunch,000000030
2025-04-03 14:09:49,208930000000001,restaurant2,1468,afternoon,000000030
2025-04-03 14:10:37,208930000000004,work,7477,afternoon,000000040
2025-04-03 15:41:17,208930000000001,coffee1,1736,afternoon,000000040
2025-04-03 15:44:03,208930000000003,work,8837,afternoon,000000060
2025-04-03 16:37:09,208930000000002,coffee1,1441,afternoon,000000040
2025-04-03 16:41:29,208930000000001,work,8516,afternoon,000000060
2025-04-03 16:46:28,208930000000004,leisure2,5996,afternoon,000000050
2025-04-03 17:17:39,208930000000002,home,4303,evening,000000040
2025-04-03 17:24:34,208930000000003,gym1,3944,evening,000000050
2025-04-03 18:34:20,208930000000001,leisure1,8301,evening,000000030
2025-04-03 18:49:35,208930000000002,restaurant1,2953,evening,000000030
2025-04-03 18:50:57,208930000000003,home,6382,evening,000000050
2025-04-03 18:56:39,208930000000004,restaurant1,3581,evening,000000060
2025-04-03 19:33:55,208930000000003,restaurant2,1876,evening,000000040
2025-04-03 19:48:14,208930000000002,leisure1,10029,evening,000000040
2025-04-03 20:38:09,208930000000004,leisure2,4005,evening,000000060
2025-04-03 21:17:52,208930000000002,gym1,4356,evening,000000040
2025-04-03 21:28:02,208930000000003,restaurant1,1938,evening,000000030
2025-04-03 22:15:43,208930000000001,gym1,4550,evening,000000050
2025-04-03 22:16:40,208930000000004,restaurant2,4131,evening,000000030
2025-04-03 22:27:04,208930000000003,leisure1,9295,evening,000000030
2025-04-03 22:55:28,208930000000002,restaurant2,5388,evening,000000040
2025-04-03 23:32:18,208930000000001,cinema,7412,evening,000000060
2025-04-03 23:42:52,208930000000004,home,6666,evening,000000040
2025-04-04 00:32:11,208930000000003,leisure2,4138,night,000000050
2025-04-04 01:14:24,208930000000002,cinema,7554,night,000000060
2025-04-04 01:20:24,208930000000001,home,8684,night,000000060
2025-04-04 01:51:58,208930000000003,home,4963,night,000000040
2025-04-04 02:40:32,208930000000002,home,5784,night,000000060
2025-04-04 07:16:27,208930000000002,work,8147,morning,000000030
2025-04-04 08:21:25,208930000000004,work,3679,morning,000000040
2025-04-04 08:44:28,208930000000003,work,5585,morning,000000060
2025-04-04 09:27:03,208930000000004,coffee1,2004,morning,000000040
2025-04-04 09:50:37,208930000000001,work,6745,morning,000000060
2025-04-04 10:04:22,208930000000004,work,6279,morning,000000040
2025-04-04 10:37:18,208930000000002,gym2,3763,morning,000000030
2025-04-04 11:57:58,208930000000003,restaurant1,896,lunch,000000030
2025-04-04 11:59:05,208930000000002,work,8303,lunch,000000060
2025-04-04 12:03:12,208930000000004,restaurant2,5595,lunch,000000040
2025-04-04 12:49:03,208930000000003,leisure2,4132,lunch,000000060
2025-04-04 13:22:45,208930000000001,restaurant1,4193,lunch,000000060
2025-04-04 13:48:03,208930000000002,restaurant2,3250,lunch,000000040
2025-04-04 14:02:08,208930000000004,work,6897,afternoon,000000040
2025-04-04 14:43:35,208930000000003,coffee2,1907,afternoon,000000050
2025-04-04 14:53:00,208930000000002,work,5133,afternoon,000000030
2025-04-04 15:14:37,208930000000001,work,8653,afternoon,000000060
2025-04-04 15:41:49,208930000000003,leisure1,7217,afternoon,000000040
2025-04-04 16:13:08,208930000000004,leisure1,6947,afternoon,000000040
2025-04-04 17:00:19,208930000000003,leisure2,5072,evening,000000050
2025-04-04 17:34:14,208930000000002,leisure2,4023,evening,000000050
2025-04-04 17:50:29,208930000000001,restaurant1,1348,evening,000000060
2025-04-04 18:31:07,208930000000004,home,6886,evening,000000040
2025-04-04 18:57:17,208930000000003,restaurant1,3506,evening,000000060
2025-04-04 19:19:22,208930000000002,gym2,2974,evening,000000030
2025-04-04 20:24:34,208930000000002,home,6979,evening,000000030
2025-04-04 20:55:04,208930000000004,gym2,4385,evening,000000030
2025-04-04 21:07:40,208930000000003,cinema,7911,evening,000000060
2025-04-04 21:22:52,208930000000001,gym1,4634,evening,000000050
2025-04-04 22:27:21,208930000000004,home,5111,evening,000000040
2025-04-04 23:13:27,208930000000003,restaurant1,2321,evening,000000030
2025-04-04 23:15:32,208930000000001,cinema,7926,evening,000000060
2025-04-04 23:21:03,208930000000002,leisure2,5290,evening,000000050
2025-04-05 00:12:17,208930000000004,gym1,3435,night,000000040
2025-04-05 00:42:44,208930000000003,cinema,6915,night,000000060
2025-04-05 01:21:46,208930000000002,home,5670,night,000000040
2025-04-05 01:23:21,208930000000004,home,7434,night,000000040
2025-04-05 01:26:03,208930000000001,home,7955,night,000000060
2025-04-05 02:08:11,208930000000003,home,4137,night,000000050
2025-04-05 07:42:16,208930000000003,work,5158,morning,000000060
2025-04-05 07:46:10,208930000000002,work,5319,morning,000000060
2025-04-05 07:48:20,208930000000001,coffee2,1925,morning,000000050
2025-04-05 08:02:14,208930000000004,work,2007,morning,000000040
2025-04-05 08:32:08,208930000000001,home,6142,morning,000000050
2025-04-05 08:39:23,208930000000004,coffee1,2028,morning,000000040
2025-04-05 09:18:43,208930000000004,work,5218,morning,000000040
2025-04-05 09:21:55,208930000000002,home,9594,morning,000000040
2025-04-05 09:47:02,208930000000003,gym1,2974,morning,000000040
2025-04-05 09:47:28,208930000000001,work,5632,morning,000000060
2025-04-05 10:21:44,208930000000002,work,8684,morning,000000060
2025-04-05 11:17:32,208930000000004,coffee2,1839,lunch,000000050
2025-04-05 11:32:11,208930000000001,restaurant2,3943,lunch,000000030
2025-04-05 12:02:47,208930000000004,restaurant2,4534,lunch,000000030
2025-04-05 12:30:19,208930000000003,work,8358,lunch,000000060
2025-04-05 13:14:41,208930000000001,park,1582,lunch,000000050
2025-04-05 13:36:45,208930000000004,work,5910,lunch,000000040
2025-04-05 14:19:47,208930000000001,restaurant2,3802,afternoon,000000030
2025-04-05 15:12:23,208930000000003,leisure1,5487,afternoon,000000040
2025-04-05 15:35:20,208930000000004,leisure1,7420,afternoon,000000040
2025-04-05 16:07:36,208930000000001,leisure2,5410,afternoon,000000060
2025-04-05 17:46:03,208930000000003,restaurant1,2747,evening,000000030
2025-04-05 17:59:25,208930000000001,leisure1,5308,evening,000000030
2025-04-05 18:05:04,208930000000004,restaurant1,4049,evening,000000030
2025-04-05 18:06:54,208930000000002,cinema,8917,evening,000000060
2025-04-05 18:55:00,208930000000003,home,7432,evening,000000030
2025-04-05 19:41:15,208930000000004,home,5946,evening,000000040
2025-04-05 19:45:48,208930000000002,leisure1,7504,evening,000000040
2025-04-05 20:14:49,208930000000003,restaurant1,4280,evening,000000030
2025-04-05 20:56:03,208930000000003,gym2,3671,evening,000000030
2025-04-05 21:56:49,208930000000004,leisure2,8901,evening,000000050
2025-04-05 22:23:04,208930000000001,restaurant1,2863,evening,000000060
2025-04-05 22:35:49,208930000000002,leisure2,5988,evening,000000050
2025-04-05 23:36:38,208930000000003,restaurant1,5149,evening,000000030
2025-04-05 23:37:54,208930000000001,home,4721,evening,000000060
2025-04-06 00:37:19,208930000000002,home,7745,night,000000040
2025-04-06 00:56:36,208930000000004,home,6077,night,000000040
2025-04-06 01:27:33,208930000000003,home,9094,night,000000030
2025-04-06 07:52:06,208930000000004,coffee1,1970,morning,000000040
2025-04-06 07:54:35,208930000000002,coffee2,1368,morning,000000050
2025-04-06 08:06:11,208930000000001,coffee2,1444,morning,000000060
2025-04-06 08:30:10,208930000000004,work,6426,morning,000000040
2025-04-06 08:35:51,208930000000002,work,4898,morning,000000050
2025-04-06 08:48:56,208930000000001,work,6278,morning,000000060
2025-04-06 08:50:54,208930000000003,work,8846,morning,000000060
2025-04-06 10:38:04,208930000000004,coffee2,2114,morning,000000050
2025-04-06 11:36:14,208930000000004,leisure2,5650,lunch,000000050
2025-04-06 11:56:18,208930000000003,restaurant1,3942,lunch,000000030
2025-04-06 12:32:44,208930000000001,restaurant2,1931,lunch,000000030
2025-04-06 13:17:13,208930000000001,work,7768,lunch,000000030
2025-04-06 13:28:18,208930000000003,work,8277,lunch,000000030
2025-04-06 13:33:48,208930000000004,restaurant2,4544,lunch,000000030
2025-04-06 13:39:24,208930000000001,restaurant2,3840,lunch,000000030
2025-04-06 15:08:13,208930000000001,leisure2,8781,afternoon,000000060
2025-04-06 15:12:34,208930000000004,work,5947,afternoon,000000040
2025-04-06 16:50:43,208930000000003,coffee2,1907,afternoon,000000050
2025-04-06 17:10:27,208930000000004,coffee2,2397,evening,000000050
2025-04-06 17:12:57,208930000000002,leisure2,7713,evening,000000050
2025-04-06 17:49:03,208930000000003,leisure2,2578,evening,000000050
2025-04-06 18:28:29,208930000000003,restaurant2,5446,evening,000000040
2025-04-06 18:31:58,208930000000004,cinema,7679,evening,000000060
2025-04-06 19:27:55,208930000000001,cinema,8023,evening,000000060
2025-04-06 20:14:54,208930000000002,gym2,3894,evening,000000030
2025-04-06 21:13:16,208930000000003,restaurant1,4168,evening,000000030
2025-04-06 21:25:59,208930000000004,leisure2,5780,evening,000000060
2025-04-06 21:45:24,208930000000001,restaurant2,5735,evening,000000030
2025-04-06 22:24:18,208930000000002,restaurant1,3954,evening,000000030
2025-04-06 22:55:00,208930000000003,cinema,8370,evening,000000060
2025-04-06 23:43:29,208930000000004,gym1,3719,evening,000000050
2025-04-07 00:02:39,208930000000001,home,7596,night,000000060
2025-04-07 00:33:06,208930000000003,home,9106,night,000000040
2025-04-07 00:54:57,208930000000002,home,8572,night,000000030
2025-04-07 00:57:33,208930000000004,home,7960,night,000000040
2025-04-07 07:52:51,208930000000003,work,8268,morning,000000060
2025-04-07 08:13:54,208930000000002,work,4462,morning,000000050
2025-04-07 08:32:51,208930000000003,coffee2,1912,morning,000000050
2025-04-07 09:00:40,208930000000001,coffee1,1830,morning,000000040
2025-04-07 09:07:15,208930000000004,coffee2,2210,morning,000000050
2025-04-07 09:22:42,208930000000003,gym1,5833,morning,000000050
2025-04-07 11:19:45,208930000000002,gym1,4383,lunch,000000050
2025-04-07 11:27:46,208930000000001,work,4518,lunch,000000060
2025-04-07 11:32:10,208930000000004,restaurant1,2171,lunch,000000060
2025-04-07 11:46:51,208930000000003,work,8959,lunch,000000060
2025-04-07 12:09:11,208930000000002,restaurant2,4147,lunch,000000040
2025-04-07 12:41:18,208930000000004,work,6399,lunch,000000040
2025-04-07 13:26:47,208930000000001,restaurant1,4003,lunch,000000060
2025-04-07 13:27:57,208930000000002,work,3390,lunch,000000030
2025-04-07 14:23:57,208930000000001,coffee2,1695,afternoon,000000060
2025-04-07 14:59:35,208930000000004,leisure2,5839,afternoon,000000050
2025-04-07 15:06:06,208930000000001,work,6735,afternoon,000000050
2025-04-07 15:52:53,208930000000003,leisure2,6890,afternoon,000000050
2025-04-07 17:17:53,208930000000004,work,7065,evening,000000040
2025-04-07 18:26:05,208930000000002,cinema,7744,evening,000000060
2025-04-07 19:05:56,208930000000001,restaurant1,2483,evening,000000060
2025-04-07 19:18:53,208930000000003,restaurant2,2869,evening,000000040
2025-04-07 19:23:54,208930000000004,home,7890,evening,000000040
2025-04-07 20:44:54,208930000000002,gym1,2922,evening,000000040
2025-04-07 21:16:32,208930000000003,cinema,7322,evening,000000060
2025-04-07 22:16:56,208930000000001,leisure1,4039,evening,000000030
2025-04-07 22:33:32,208930000000002,restaurant1,3031,evening,000000030
2025-04-07 22:37:17,208930000000004,cinema,8308,evening,000000060
2025-04-07 23:27:24,208930000000003,restaurant2,2336,evening,000000040
2025-04-07 23:36:58,208930000000002,gym2,2371,evening,000000030
2025-04-08 00:15:20,208930000000003,home,4725,night,000000040
2025-04-08 00:23:26,208930000000001,home,7477,night,000000030
2025-04-08 00:29:36,208930000000002,home,6385,night,000000030
2025-04-08 01:35:53,208930000000004,home,5374,night,000000040
2025-04-08 07:55:44,208930000000002,work,6996,morning,000000060
2025-04-08 08:37:21,208930000000001,work,7840,morning,000000060
2025-04-08 09:32:26,208930000000003,work,7610,morning,000000060
2025-04-08 09:32:58,208930000000004,coffee2,1896,morning,000000050
2025-04-08 10:13:57,208930000000001,coffee2,1792,morning,000000060
2025-04-08 10:21:14,208930000000002,coffee2,1521,morning,000000050
2025-04-08 10:38:03,208930000000003,coffee1,2075,morning,000000040
2025-04-08 10:41:25,208930000000004,gym2,3925,morning,000000030
2025-04-08 10:55:27,208930000000001,home,9429,morning,000000060
2025-04-08 10:57:21,208930000000002,home,7769,morning,000000050
2025-04-08 11:30:34,208930000000002,restaurant2,3696,lunch,000000040
2025-04-08 11:31:56,208930000000003,work,8527,lunch,000000060
2025-04-08 12:21:12,208930000000004,work,7972,lunch,000000040
2025-04-08 13:02:27,208930000000001,work,4914,lunch,000000060
2025-04-08 13:13:39,208930000000002,restaurant1,4357,lunch,000000030
2025-04-08 14:35:45,208930000000003,leisure1,7175,afternoon,000000040
2025-04-08 14:38:14,208930000000002,work,6174,afternoon,000000030
2025-04-08 14:39:51,208930000000004,coffee1,2098,afternoon,000000040
2025-04-08 15:26:46,208930000000004,leisure1,8008,afternoon,000000040
2025-04-09 10:32:12,208930000000001,coffee2,2202,morning,000000050
2025-04-09 10:41:07,208930000000002,coffee1,1966,morning,000000040
2025-04-09 10:48:18,208930000000003,coffee1,1948,morning,000000040
2025-04-09 11:52:40,208930000000002,restaurant1,3766,lunch,000000030
2025-04-09 12:29:25,208930000000001,work,7043,lunch,000000060
2025-04-09 12:34:53,208930000000004,park,1847,lunch,000000050
2025-04-09 12:35:02,208930000000003,work,5502,lunch,000000060
2025-04-09 13:44:51,208930000000002,restaurant2,4905,lunch,000000040
2025-04-09 13:55:16,208930000000004,restaurant2,5006,lunch,000000030
2025-04-09 14:08:18,208930000000001,leisure2,3514,afternoon,000000060
2025-04-09 14:27:05,208930000000003,leisure2,8175,afternoon,000000050
2025-04-09 15:18:05,208930000000002,leisure1,5854,afternoon,000000040
2025-04-09 15:24:30,208930000000001,work,5721,afternoon,000000060
2025-04-09 15:35:00,208930000000004,coffee1,2165,afternoon,000000040
2025-04-09 16:14:47,208930000000004,work,9774,afternoon,000000040
2025-04-10 13:47:15,208930000000003,work,8071,lunch,000000050
2025-04-10 14:07:24,208930000000002,work,9519,afternoon,000000060
2025-04-10 15:43:35,208930000000003,leisure1,6371,afternoon,000000040
2025-04-10 16:07:08,208930000000004,coffee1,1550,afternoon,000000040
2025-04-10 16:39:55,208930000000002,leisure2,9466,afternoon,000000050
2025-04-10 16:43:24,208930000000004,leisure1,8897,afternoon,000000040
2025-04-10 16:50:18,208930000000001,leisure1,5079,afternoon,000000030
2025-04-10 19:28:04,208930000000002,leisure1,6044,evening,000000040
2025-04-10 19:37:53,208930000000003,leisure2,6001,evening,000000050
2025-04-10 19:39:20,208930000000004,gym2,3340,evening,000000030
2025-04-10 20:38:19,208930000000001,restaurant2,3998,evening,000000030
2025-04-10 20:57:32,208930000000004,home,6118,evening,000000040
2025-04-10 21:04:28,208930000000003,restaurant1,5264,evening,000000030
2025-04-10 21:45:09,208930000000002,restaurant1,3985,evening,000000030
2025-04-10 23:12:54,208930000000003,restaurant2,4160,evening,000000040
2025-04-10 23:15:50,208930000000004,restaurant1,2474,evening,000000030
2025-04-10 23:24:55,208930000000001,cinema,7927,evening,000000060
2025-04-11 00:00:54,208930000000001,home,7894,night,000000060
2025-04-11 00:06:06,208930000000002,leisure2,10205,night,000000050
2025-04-11 00:28:28,208930000000004,leisure2,8039,night,000000060
2025-04-11 00:52:34,208930000000002,home,8667,night,000000040
2025-04-11 00:59:36,208930000000003,home,6824,night,000000040
2025-04-11 03:04:21,208930000000004,home,5515,night,000000040
2025-04-11 07:26:44,208930000000001,work,4682,morning,000000060
2025-04-11 07:52:02,208930000000002,work,9415,morning,000000060
2025-04-11 08:18:34,208930000000003,coffee1,2475,morning,000000040
2025-04-11 08:54:20,208930000000004,work,8036,morning,000000040
2025-04-11 09:01:29,208930000000001,coffee2,2462,morning,000000060
2025-04-11 09:41:15,208930000000003,coffee2,1392,morning,000000050
2025-04-11 09:57:08,208930000000001,work,13054,morning,000000060
2025-04-11 11:14:45,208930000000003,work,6874,lunch,000000060
2025-04-11 11:26:48,208930000000004,restaurant2,1814,lunch,000000040
2025-04-11 11:30:18,208930000000002,restaurant2,3976,lunch,000000040
2025-04-11 12:33:30,208930000000004,leisure2,8756,lunch,000000060
2025-04-11 13:02:42,208930000000002,leisure2,9819,lunch,000000060
2025-04-11 13:04:09,208930000000003,restaurant1,2826,lunch,000000030
2025-04-11 14:35:51,208930000000001,coffee1,2252,afternoon,000000040
2025-04-11 15:09:51,208930000000003,work,5469,afternoon,000000060
2025-04-11 15:11:46,208930000000002,work,6148,afternoon,000000060
2025-04-11 15:46:45,208930000000004,work,5069,afternoon,000000040
2025-04-11 16:14:32,208930000000001,work,7688,afternoon,000000060
2025-04-11 17:53:13,208930000000004,restaurant1,4334,evening,000000030
2025-04-11 17:56:14,208930000000003,restaurant1,852,evening,000000030
2025-04-11 17:56:53,208930000000002,restaurant1,3646,evening,000000030
2025-04-11 19:18:45,208930000000002,home,7413,evening,000000030
2025-04-11 19:21:38,208930000000001,leisure1,6528,evening,000000030
2025-04-11 21:14:47,208930000000001,restaurant1,3733,evening,000000060
2025-04-11 21:28:43,208930000000002,cinema,7021,evening,000000060
2025-04-11 22:32:07,208930000000003,leisure1,9081,evening,000000040
2025-04-11 22:46:53,208930000000004,leisure2,6007,evening,000000060
2025-04-11 22:49:49,208930000000001,cinema,9242,evening,000000060
2025-04-11 23:15:45,208930000000002,restaurant1,3971,evening,000000030
2025-04-12 00:47:24,208930000000004,home,10688,night,000000040
2025-04-12 01:12:30,208930000000003,home,4411,night,000000040
2025-04-12 01:28:34,208930000000002,home,9124,night,000000040
2025-04-12 02:20:26,208930000000001,home,6125,night,000000060
2025-04-12 07:22:09,208930000000001,coffee1,1840,morning,000000040
2025-04-12 08:02:36,208930000000004,coffee1,1281,morning,000000040
2025-04-12 08:28:37,208930000000004,work,5682,morning,000000040
2025-04-12 08:28:57,208930000000001,work,8432,morning,000000060
2025-04-12 08:50:11,208930000000002,gym2,2275,morning,000000030
2025-04-12 08:51:00,208930000000003,coffee2,1466,morning,000000050
2025-04-12 09:55:54,208930000000003,gym2,4839,morning,000000030
2025-04-12 10:20:31,208930000000004,gym1,3657,morning,000000040
2025-04-12 11:20:53,208930000000002,work,6338,lunch,000000060
2025-04-12 12:02:15,208930000000004,park,1735,lunch,000000050
2025-04-12 12:24:27,208930000000003,restaurant2,4417,lunch,000000040
2025-04-12 12:28:57,208930000000001,park,2003,lunch,000000050
2025-04-12 13:19:39,208930000000004,restaurant2,2959,lunch,000000030
2025-04-12 14:03:46,208930000000001,restaurant2,2624,afternoon,000000030
2025-04-12 14:28:31,208930000000004,coffee2,1260,afternoon,000000050
2025-04-12 14:46:42,208930000000003,leisure2,8388,afternoon,000000050
2025-04-12 15:32:16,208930000000004,leisure1,6473,afternoon,000000040
2025-04-12 15:54:17,208930000000001,coffee1,1678,afternoon,000000040
2025-04-12 17:08:55,208930000000001,leisure2,6061,evening,000000050
2025-04-12 17:16:13,208930000000002,restaurant2,4277,evening,000000040
2025-04-12 17:34:09,208930000000003,restaurant1,4518,evening,000000030
2025-04-12 17:52:10,208930000000004,gym2,4731,evening,000000030
2025-04-12 18:35:29,208930000000002,gym1,3920,evening,000000050
2025-04-12 19:30:35,208930000000004,home,11613,evening,000000040
2025-04-12 20:18:54,208930000000002,leisure2,6776,evening,000000050
2025-04-12 20:53:29,208930000000003,cinema,7737,evening,000000060
2025-04-12 21:25:33,208930000000001,restaurant2,6222,evening,000000030
2025-04-12 22:28:00,208930000000002,cinema,8152,evening,000000060
2025-04-12 23:08:17,208930000000004,leisure1,8770,evening,000000040
2025-04-12 23:09:10,208930000000001,leisure1,7869,evening,000000030
2025-04-13 00:13:50,208930000000002,leisure1,3897,night,000000040
2025-04-13 00:46:00,208930000000001,home,6242,night,000000060
2025-04-13 01:31:35,208930000000003,home,7292,night,000000040
2025-04-13 01:53:37,208930000000004,home,7802,night,000000040
2025-04-13 02:08:44,208930000000002,home,7729,night,000000050
2025-04-13 07:10:00,208930000000001,work,7420,morning,000000060
2025-04-13 09:01:41,208930000000001,gym2,1640,morning,000000030
2025-04-13 09:17:28,208930000000002,work,7442,morning,000000060
2025-04-13 09:52:01,208930000000003,work,6302,morning,000000060
2025-04-13 10:23:55,208930000000004,coffee1,1840,morning,000000040
2025-04-13 10:40:58,208930000000002,gym1,3053,morning,000000040
2025-04-13 10:59:12,208930000000001,coffee1,2148,morning,000000040
2025-04-13 11:23:35,208930000000004,gym2,3632,lunch,000000030
2025-04-13 11:35:49,208930000000003,restaurant1,3215,lunch,000000030
2025-04-13 11:55:09,208930000000001,restaurant2,2258,lunch,000000040
2025-04-13 12:03:10,208930000000002,restaurant2,4276,lunch,000000040
2025-04-13 12:35:54,208930000000004,restaurant2,1934,lunch,000000030
2025-04-13 12:49:29,208930000000002,restaurant1,3252,lunch,000000030
2025-04-13 13:17:27,208930000000001,leisure1,5247,lunch,000000030
2025-04-13 13:29:26,208930000000004,work,9641,lunch,000000040
2025-04-13 14:13:06,208930000000002,coffee2,1913,afternoon,000000050
2025-04-13 14:18:44,208930000000003,work,8334,afternoon,000000060
2025-04-13 15:01:03,208930000000002,leisure2,8140,afternoon,000000050
2025-04-13 15:14:11,208930000000001,work,9648,afternoon,000000060
2025-04-13 16:16:22,208930000000004,coffee1,1441,afternoon,000000040
2025-04-13 16:18:29,208930000000002,leisure1,4597,afternoon,000000040
2025-04-13 16:50:50,208930000000001,coffee2,1219,afternoon,000000060
2025-04-13 17:22:00,208930000000001,home,8264,evening,000000060
2025-04-13 17:28:16,208930000000002,restaurant2,3989,evening,000000030
2025-04-13 17:29:38,208930000000004,leisure2,8150,evening,000000050
2025-04-13 18:33:37,208930000000001,restaurant2,3880,evening,000000030
2025-04-13 19:34:14,208930000000002,restaurant1,2831,evening,000000030
2025-04-13 19:57:34,208930000000003,leisure2,7581,evening,000000050
2025-04-13 20:02:47,208930000000001,gym1,3379,evening,000000040
2025-04-13 20:22:28,208930000000002,leisure1,9687,evening,000000040
2025-04-13 20:27:05,208930000000004,home,6998,evening,000000040
2025-04-13 21:09:58,208930000000003,leisure1,4036,evening,000000040
2025-04-13 21:10:03,208930000000001,home,7553,evening,000000040
2025-04-13 22:49:02,208930000000004,gym1,3202,evening,000000040
2025-04-13 22:59:04,208930000000002,gym1,3720,evening,000000040
2025-04-13 23:14:21,208930000000003,restaurant1,2063,evening,000000030
2025-04-14 00:08:01,208930000000001,leisure2,6443,night,000000060
2025-04-14 00:19:29,208930000000004,restaurant1,3699,night,000000030
2025-04-14 00:30:11,208930000000002,home,7329,night,000000040
2025-04-14 00:38:41,208930000000003,home,5460,night,000000030
2025-04-14 01:09:13,208930000000001,home,8394,night,000000060
2025-04-14 01:38:46,208930000000004,home,1697,night,000000040
2025-04-14 07:23:30,208930000000003,coffee2,1246,morning,000000050
2025-04-14 07:49:39,208930000000001,work,5434,morning,000000060
2025-04-14 08:02:41,208930000000003,work,5557,morning,000000050
2025-04-14 08:19:41,208930000000002,work,2013,morning,000000060
2025-04-14 09:01:25,208930000000004,work,9946,morning,000000040
2025-04-14 09:18:29,208930000000001,coffee2,1770,morning,000000060
2025-04-14 10:23:27,208930000000002,gym2,2697,morning,000000030
2025-04-14 10:41:10,208930000000001,coffee1,1240,morning,000000040
